{"stats":{"minecraft:mined":{"minecraft:dark_prismarine_stairs":4,"minecraft:jungle_leaves":55,"galosphere:allurite_cluster":2,"minecraft:carved_pumpkin":1,"minecraft:granite":5,"born_in_chaos_v1:dark_metal_deposit":1,"minecraft:jungle_log":77,"minecraft:hopper":1,"minecraft:chiseled_stone_bricks":1,"minecraft:spawner":2,"environmental:yellow_wall_hibiscus":3,"epicsamurai:deepslate_jade_ore":8,"minecraft:fire":38,"nourished_nether:ghoulflower":1,"minecraft:pumpkin":2,"minecraft:fletching_table":8,"minecraft:iron_block":24,"minecraft:jungle_trapdoor":1,"minecraft:cut_sandstone":3,"minecraft:red_bed":1,"born_in_chaos_v1:evil_carved_pumpkin":1,"environmental:purple_hibiscus":1,"atmospheric:flowering_morado_leaves":5,"born_in_chaos_v1:infected_deepslate_diamond_ore":4,"minecraft:torch":35,"minecraft:melon":1,"quark:framed_glass_pane":1,"minecraft:dead_bush":2,"galosphere:silver_ore":14,"environmental:pink_wall_hibiscus":1,"minecraft:jungle_wood":1,"minecraft:wheat":101,"celestisynth:lunar_stone":9,"minecraft:grass":94,"delightful:mini_melon":1,"minecraft:red_mushroom_block":1,"born_in_chaos_v1:infernal_evil_pumpkin_s":2,"minecraft:piston":1,"minecraft:deepslate":35,"table_top_craft:chess_piece_figure":2,"create:zinc_ore":11,"minecraft:dark_prismarine":2,"minecraft:mossy_cobblestone":3,"epicsamurai:deepslate_onyx_ore":1,"woodworks:jungle_chest":1,"minecraft:spruce_fence":1,"minecraft:jungle_planks":37,"atmospheric:agave":8,"minecraft:moss_block":2,"minecraft:jungle_sapling":3,"iter_rpg:void_quartz":9,"minecraft:andesite":6,"minecraft:potatoes":11,"minecraft:vine":24,"fastpaintings:painting":8,"minecraft:smithing_table":1,"minecraft:glass_pane":3,"galosphere:deepslate_silver_ore":3,"minecraft:dandelion":2,"minecraft:smooth_sandstone":4,"environmental:bird_of_paradise":1,"iter_rpg:vase":1,"minecraft:campfire":3,"minecraft:tall_grass":14,"farmersdelight:wild_tomatoes":1,"minecraft:diorite":9,"atmospheric:orange":2,"create:mechanical_saw":1,"atmospheric:yucca_flower":1,"minecraft:birch_leaves":1,"minecraft:gravel":1,"minecraft:cobweb":1,"minecraft:stone_bricks":3,"minecraft:fern":14,"galosphere:glinted_allurite_cluster":1,"minecraft:jungle_slab":18,"minecraft:cobblestone_stairs":3,"minecraft:grass_block":92,"environmental:giant_tall_grass":3,"minecraft:glowstone":4,"minecraft:anvil":5,"minecraft:dark_oak_stairs":1,"minecraft:iron_bars":1,"minecraft:green_bed":4,"minecraft:jungle_door":3,"ecologics:pot":5,"tetra:scroll_rolled":1,"supplementaries:book_pile":1,"minecraft:poppy":7,"minecraft:mushroom_stem":15,"minecraft:cobblestone":3,"galosphere:lumiere_cluster":1,"minecraft:grindstone":1,"minecraft:wall_torch":29,"minecraft:blue_terracotta":1,"delightful:cantaloupe":1,"minecraft:beetroots":9,"environmental:magenta_wall_hibiscus":1,"minecraft:sand":2,"minecraft:dirt":67,"quark:dirty_glass_pane":4,"minecraft:dispenser":5,"minecraft:netherrack":5,"unusualprehistory:splattered_tar":1,"minecraft:oak_leaves":20,"minecraft:tuff":5,"minecraft:deepslate_diamond_ore":38,"minecraft:candle":8,"minecraft:glow_lichen":1,"minecraft:ladder":11,"iter_rpg:big_vase":5,"minecraft:sandstone":1,"minecraft:large_fern":2,"minecraft:hay_block":27,"minecraft:spore_blossom":1,"minecraft:carrots":15,"iter_rpg:small_vase":4,"treechop:chopped_log":5,"minecraft:gold_block":2,"minecraft:lantern":5,"minecraft:stone":110,"born_in_chaos_v1:marigolds":1,"minecraft:crafting_table":9,"born_in_chaos_v1:chipped_black_argillite_brick":1,"supplementaries:urn":1,"minecraft:gray_wool":2,"galosphere:allurite_block":9,"minecraft:lime_bed":1,"minecraft:beehive":3,"iter_rpg:deepslate_ametrine_ore":9,"minecraft:black_wool":1,"iter_rpg:spider_egg":1,"minecraft:coal_ore":2,"quark:monster_box":1,"environmental:hibiscus_leaves":2,"minecraft:cocoa":2,"minecraft:mossy_stone_bricks":1},"minecraft:custom":{"minecraft:interact_with_crafting_table":77,"minecraft:open_barrel":39,"minecraft:bell_ring":10,"minecraft:leave_game":8,"minecraft:time_since_death":9265,"minecraft:play_time":934757,"minecraft:deaths":142,"minecraft:jump":12818,"minecraft:interact_with_furnace":30,"minecraft:play_record":3,"minecraft:sleep_in_bed":21,"minecraft:waystone_activated":16,"minecraft:damage_dealt":136819,"minecraft:interact_with_smoker":1,"minecraft:inspect_dispenser":2,"minecraft:interact_with_anvil":33,"minecraft:sneak_time":22419,"minecraft:interact_with_lectern":1,"minecraft:interact_with_blast_furnace":1,"minecraft:total_world_time":934757,"enigmaticlegacy:play_time_without_seven_curses":930945,"minecraft:tune_noteblock":17,"minecraft:interact_with_stonecutter":3,"minecraft:time_since_rest":7258,"minecraft:swim_one_cm":55751,"minecraft:fly_one_cm":2146225,"minecraft:open_chest":474,"minecraft:fall_one_cm":430054,"lootr:looted_stat":152,"enigmaticlegacy:play_time_with_seven_curses":0,"minecraft:damage_resisted":160,"minecraft:sprint_one_cm":1912841,"minecraft:drop":153,"minecraft:talked_to_villager":32,"minecraft:interact_with_brewingstand":1,"minecraft:walk_on_water_one_cm":128332,"minecraft:player_kills":2,"minecraft:crouch_one_cm":38487,"minecraft:mob_kills":716,"minecraft:interact_with_campfire":10,"minecraft:damage_dealt_resisted":5689,"minecraft:climb_one_cm":308943,"minecraft:walk_one_cm":3529118,"minecraft:walk_under_water_one_cm":76956,"minecraft:boat_one_cm":6526,"minecraft:damage_taken":60480,"minecraft:damage_absorbed":110},"minecraft:killed_by":{"minecraft:zombie_villager":11,"creeperoverhaul:bamboo_creeper":1,"minecraft:pillager":6,"dungeons_mobs:jungle_zombie":3,"mutantmonsters:mutant_creeper":14,"dungeons_mobs:leapleaf":4,"dungeons_mobs:mossy_skeleton":1,"minecraft:vindicator":3,"minecraft:zombie":2,"iter_rpg:hobgoblin":2,"minecraft:husk":22,"minecraft:stray":1,"dungeons_mobs:quick_growing_vine":1,"mutantmonsters:mutant_skeleton":6,"born_in_chaos_v1:zombie_bruiser":3,"conjurer_illager:conjurer":1,"meetyourfight:swampjaw":5,"cataclysm:deepling_brute":1,"mutantmonsters:creeper_minion":6,"minecraft:witch":1,"dungeons_mobs:necromancer":1,"creeperoverhaul:jungle_creeper":3,"born_in_chaos_v1:firelight_not_despawn":1,"minecraft:player":4,"minecraft:spider":1,"born_in_chaos_v1:sir_pumpkinhead":3,"minecraft:skeleton":7,"born_in_chaos_v1:missioner":8,"born_in_chaos_v1:door_knight":1,"dungeons_mobs:poison_quill_vine":2},"minecraft:crafted":{"minecraft:diamond_helmet":1,"minecraft:diamond_leggings":1,"minecraft:jungle_boat":2,"minecraft:copper_ingot":9,"minecraft:iron_pickaxe":3,"woodworks:jungle_chest":14,"minecraft:bone_meal":153,"minecraft:stone_pickaxe":1,"minecraft:diamond_boots":1,"minecraft:wheat":243,"born_in_chaos_v1:cultivated_pumpkin":1,"minecraft:jungle_slab":444,"minecraft:wooden_axe":1,"minecraft:iron_leggings":3,"minecraft:white_bed":2,"delightful:cantaloupe_slice":3,"minecraft:oak_planks":56,"minecraft:lightning_rod":3,"minecraft:bow":1,"minecraft:iron_boots":3,"minecraft:crafting_table":8,"minecraft:wooden_pickaxe":1,"minecraft:baked_potato":46,"minecraft:iron_helmet":1,"minecraft:iron_chestplate":2,"minecraft:diamond_pickaxe":1,"minecraft:charcoal":1,"minecraft:shield":1,"minecraft:stick":80,"minecraft:iron_ingot":9,"minecraft:stone_sword":1,"minecraft:shears":2,"minecraft:wooden_sword":1,"epicsamurai:straw_hat":1,"minecraft:furnace":1,"minecraft:flint_and_steel":1,"minecraft:iron_axe":4,"quark:backpack":1,"minecraft:iron_sword":10,"minecraft:mangrove_planks":4,"born_in_chaos_v1:bone_heart":2,"minecraft:stone_axe":1,"minecraft:air":0,"minecraft:bread":166,"minecraft:jungle_planks":728,"woodworks:oak_chest":1,"minecraft:jungle_door":3,"minecraft:torch":184,"minecraft:diamond_chestplate":1},"minecraft:used":{"minecraft:ladder":8,"minecraft:cocoa_beans":3,"minecraft:jungle_slab":341,"minecraft:snowball":2,"minecraft:jungle_sapling":10,"minecraft:lava_bucket":9,"born_in_chaos_v1:mint_candy":2,"supplementaries:bomb_blue":1,"minecraft:bow":202,"minecraft:furnace":1,"environmental:bird_of_paradise":1,"minecraft:egg":62,"minecraft:potato":14,"minecraft:wooden_pickaxe":22,"minecraft:jungle_boat":2,"minecraft:cookie":4,"minecraft:golden_apple":1,"minecraft:cut_sandstone_slab":2,"conjurer_illager:throwing_card":4,"iter_rpg:reef_stone":2,"minecraft:lightning_rod":3,"minecraft:zombie_head":1,"born_in_chaos_v1:monster_flesh":1,"woodworks:jungle_chest":15,"minecraft:diamond_sword":379,"minecraft:wooden_sword":55,"delightful:acorn":1,"alexsmobs:banana_peel":2,"minecraft:stone_sword":160,"minecraft:carved_pumpkin":1,"minecraft:torch":286,"minecraft:stick":2,"atmospheric:flowering_morado_leaves":2,"minecraft:anvil":1,"tetra:scroll_rolled":1,"minecraft:jungle_trapdoor":1,"born_in_chaos_v1:chipped_black_argillite_brick":1,"minecraft:iron_axe":530,"minecraft:bamboo":1,"minecraft:cobbled_deepslate":1,"unusualprehistory:tar_bucket":2,"minecraft:wheat_seeds":74,"minecraft:water_bucket":86,"atmospheric:orange":36,"minecraft:fletching_table":8,"minecraft:crafting_table":18,"minecraft:red_bed":1,"minecraft:campfire":2,"minecraft:white_bed":2,"minecraft:diamond_pickaxe":17,"majruszsdifficulty:undead_army_treasure_bag":1,"minecraft:iron_pickaxe":345,"minecraft:cobblestone":53,"minecraft:porkchop":10,"minecraft:oak_sign":1,"minecraft:iron_sword":2666,"minecraft:mutton":6,"minecraft:jungle_planks":232,"minecraft:carrot":3,"minecraft:milk_bucket":1,"minecraft:glass":16,"born_in_chaos_v1:corpse_maggot":2,"alexsmobs:lobster_tail":1,"minecraft:lantern":7,"minecraft:iron_helmet":2,"born_in_chaos_v1:gnawed_bones":2,"minecraft:skeleton_skull":1,"rottencreatures:frozen_rotten_flesh":2,"minecraft:diamond_boots":1,"table_top_craft:chess_piece_figure":4,"minecraft:stone_pickaxe":92,"minecraft:ender_pearl":1,"environmental:orange_hibiscus":1,"atmospheric:dry_laurel_sapling":1,"minecraft:crossbow":2,"minecraft:shears":1,"waystones:waystone":3,"conjurer_illager:throwable_ball":2,"minecraft:bread":278,"minecraft:melon_slice":63,"minecraft:string":1,"born_in_chaos_v1:smoked_monster_flesh":5,"ecologics:coconut_slice":4,"minecraft:andesite":6,"minecraft:bone_meal":63,"minecraft:cooked_chicken":2,"minecraft:oak_door":1,"minecraft:dirt":340,"minecraft:granite":1,"minecraft:wooden_axe":87,"cataclysm:music_disc_netherite_monstrosity":2,"minecraft:iron_boots":1,"alexsmobs:banana":2,"minecraft:cooked_beef":3,"minecraft:pumpkin":1,"minecraft:iron_leggings":1,"minecraft:cooked_mutton":1,"environmental:venison":3,"minecraft:baked_potato":72,"minecraft:cut_sandstone":3,"minecraft:green_bed":4,"minecraft:lime_bed":1,"born_in_chaos_v1:cultivated_pumpkin":1,"minecraft:painting":8,"delightful:mini_melon":1,"endergetic:music_disc_kilobyte":1,"celestisynth:lunar_stone":1,"minecraft:chicken":1,"minecraft:stone_axe":71,"minecraft:jungle_door":3,"minecraft:bucket":123},"minecraft:killed":{"naturalist:rattlesnake":1,"alexsmobs:lobster":1,"born_in_chaos_v1:mr_pumpkin":12,"born_in_chaos_v1:zombie_lumberjack":7,"born_in_chaos_v1:restless_spirit":1,"born_in_chaos_v1:pumpkin_spirit":1,"born_in_chaos_v1:siamese_skeletonsright":4,"minecraft:skeleton":57,"rottencreatures:zap":4,"alexsmobs:leafcutter_ant":2,"minecraft:chicken":11,"majruszsdifficulty:creeperling":13,"naturalist:dragonfly":2,"rottencreatures:frostbitten":16,"born_in_chaos_v1:dread_hound_not_despawn":10,"minecraft:pillager":26,"minecraft:zombie":86,"born_in_chaos_v1:corpse_fly":33,"minecraft:glow_squid":3,"born_in_chaos_v1:door_knight":13,"rottencreatures:immortal":2,"minecraft:cow":3,"minecraft:vindicator":6,"born_in_chaos_v1:skeleton_thrasher_not_despawn":1,"iter_rpg:hobgoblin":8,"cataclysm:deepling_angler":1,"rottencreatures:undead_miner":1,"iter_rpg:water_elemental":3,"minecraft:husk":26,"minecraft:rabbit":5,"majruszsdifficulty:cursed_armor":1,"iter_rpg:blob":1,"born_in_chaos_v1:decrepit_skeleton":8,"born_in_chaos_v1:bloody_gadfly":1,"mutantmonsters:creeper_minion":30,"iter_rpg:goblin_warrior":7,"naturalist:lizard":1,"creeperoverhaul:savannah_creeper":1,"cnb:lizard":1,"minecraft:enderman":1,"iter_rpg:goblin":4,"dungeons_mobs:quick_growing_vine":17,"minecraft:witch":10,"rottencreatures:burned":6,"minecraft:spider":21,"dungeons_mobs:leapleaf":2,"creeperoverhaul:bamboo_creeper":16,"born_in_chaos_v1:firelight_not_despawn":4,"minecraft:pig":4,"minecraft:zombie_villager":27,"born_in_chaos_v1:diamond_termite":4,"iter_rpg:spiderling":6,"minecraft:creeper":2,"dungeons_mobs:jungle_zombie":28,"minecraft:sheep":5,"born_in_chaos_v1:zombie_fisherman":1,"minecraft:stray":6,"environmental:deer":1,"dungeons_mobs:poison_quill_vine":5,"born_in_chaos_v1:siamese_skeletonsleft":4,"endermanoverhaul:flower_fields_enderman":1,"born_in_chaos_v1:missioner":1,"dungeons_mobs:mossy_skeleton":4,"alexsmobs:rattlesnake":7,"born_in_chaos_v1:zombie_bruiser":2,"alexsmobs:sugar_glider":1,"born_in_chaos_v1:maggot":69,"friendsandfoes:mauler":1,"cataclysm:lionfish":1,"born_in_chaos_v1:felsteed":1,"born_in_chaos_v1:baby_skeleton":4,"born_in_chaos_v1:swarmer":3,"naturalist:butterfly":6,"naturalist:lizard_tail":1,"dungeons_mobs:whisperer":4,"mutantmonsters:mutant_enderman":1,"unusualprehistory:sludge":1,"rottencreatures:skeleton_lackey":1,"dungeons_mobs:necromancer":2,"iter_rpg:scallop":3,"minecraft:wither_skeleton":2},"minecraft:dropped":{"naturalist:lizard_tail":1,"minecraft:iron_sword":3,"minecraft:glass_bottle":1,"minecraft:crossbow":1,"minecraft:glow_berries":4,"iter_rpg:stone_geode":1,"meetyourfight:mossy_tooth":1,"minecraft:red_mushroom":17,"supplementaries:rope":14,"minecraft:dark_oak_trapdoor":2,"minecraft:sugar":1,"minecraft:iron_pickaxe":2,"galosphere:lumiere_shard":2,"minecraft:bone":9,"minecraft:stone_axe":2,"minecraft:golden_chestplate":1,"minecraft:cobbled_deepslate":1,"minecraft:wheat":2,"minecraft:rotten_flesh":39,"supplementaries:flax_seeds":1,"upgrade_aquatic:purple_pickerelweed":1,"minecraft:leather_leggings":1,"minecraft:campfire":2,"minecraft:egg":1,"farmersdelight:tomato_seeds":1,"minecraft:iron_ingot":5,"environmental:thief_hood":3,"minecraft:wheat_seeds":175,"minecraft:tnt":2,"minecraft:feather":4,"minecraft:lava_bucket":2,"born_in_chaos_v1:gnawed_bones":1,"minecraft:gray_wool":4,"upgrade_aquatic:blue_pickerelweed":3,"aquaculture:atlantic_herring":2,"delightful:acorn":1,"minecraft:smooth_sandstone":2,"iter_rpg:potsherd":3,"minecraft:stone_sword":1,"minecraft:cocoa_beans":3,"minecraft:chicken":1,"minecraft:shears":1,"minecraft:pumpkin_seeds":4,"minecraft:diamond_sword":1,"supplementaries:quiver":1,"minecraft:stone_bricks":2,"minecraft:bow":1,"minecraft:magma_block":1,"minecraft:black_wool":1,"minecraft:moss_block":2,"minecraft:jungle_planks":95,"table_top_craft:chess_piece_figure":1,"minecraft:jungle_button":1,"minecraft:cut_sandstone":2,"minecraft:snowball":9,"galosphere:allurite_block":9,"minecraft:beehive":2,"minecraft:poppy":8,"minecraft:gunpowder":1,"born_in_chaos_v1:corpse_maggot":4,"minecraft:arrow":48,"minecraft:bread":1,"minecraft:vine":9,"minecraft:poisonous_potato":1,"celestisynth:lunar_stone":30,"delightful:mini_melon":1,"minecraft:stick":7,"simplehats:farmerbrim":1,"galosphere:allurite_shard":6,"minecraft:torch":13,"born_in_chaos_v1:fused_bone":2,"minecraft:cactus":1,"minecraft:bucket":1,"minecraft:redstone":2,"minecraft:iron_chestplate":1,"minecraft:golden_leggings":1,"minecraft:stone_pickaxe":1,"minecraft:raw_gold":2,"environmental:healer_pouch":1},"minecraft:broken":{"minecraft:iron_boots":4,"minecraft:iron_chestplate":2,"minecraft:iron_leggings":3,"minecraft:iron_sword":10,"minecraft:stone_sword":1,"minecraft:iron_axe":2,"minecraft:iron_pickaxe":1,"minecraft:iron_helmet":3,"minecraft:diamond_chestplate":1},"minecraft:picked_up":{"born_in_chaos_v1:charmof_stealth":1,"minecraft:iron_chestplate":1,"minecraft:anvil":5,"minecraft:prismarine_shard":1,"minecraft:lead":1,"minecraft:smithing_table":1,"minecraft:diamond_sword":1,"minecraft:enchanted_book":2,"minecraft:brewing_stand":1,"environmental:thief_hood":4,"minecraft:string":9,"minecraft:dark_oak_trapdoor":2,"minecraft:beetroot":7,"minecraft:gold_nugget":6,"minecraft:cobbled_deepslate":36,"bosses_of_mass_destruction:soul_star":5,"celestisynth:lunar_stone":31,"minecraft:melon_slice":14,"minecraft:mangrove_log":3,"minecraft:beehive":2,"born_in_chaos_v1:shattered_skull":2,"minecraft:acacia_log":3,"minecraft:green_bed":4,"minecraft:golden_chestplate":1,"iter_rpg:voidquartz_shard":27,"minecraft:stone_sword":1,"minecraft:iron_block":21,"minecraft:carved_pumpkin":2,"supplementaries:ash":2,"iter_rpg:gobsteel_scrap":6,"environmental:magenta_hibiscus":1,"supplementaries:quiver":2,"minecraft:iron_bars":1,"minecraft:snowball":11,"alexsmobs:lobster_tail":1,"minecraft:magma_block":1,"minecraft:feather":9,"minecraft:jungle_log":154,"conjurer_illager:conjurer_hat":1,"minecraft:jungle_wood":1,"atmospheric:laurel_log":9,"minecraft:flint":2,"celestisynth:lunar_scrap":13,"delightful:cantaloupe":1,"born_in_chaos_v1:black_argillite_button":1,"farmersdelight:tomato":128,"minecraft:lantern":7,"born_in_chaos_v1:marigolds":1,"endergetic:music_disc_kilobyte":1,"tetra:scroll_rolled":1,"delightful:mini_melon":2,"iter_rpg:water_fragment":2,"minecraft:glowstone_dust":10,"galosphere:raw_silver":17,"minecraft:moss_block":1,"cataclysm:lionfish":1,"minecraft:dispenser":5,"minecraft:granite":5,"minecraft:bread":1,"born_in_chaos_v1:rotten_fish":1,"minecraft:diamond_pickaxe":1,"minecraft:crafting_table":10,"minecraft:coarse_dirt":7,"born_in_chaos_v1:smoked_monster_flesh":5,"minecraft:clay_ball":3,"minecraft:leather_leggings":1,"minecraft:jungle_trapdoor":1,"minecraft:red_bed":1,"epicsamurai:jade":8,"minecraft:cartography_table":1,"iter_rpg:ametrine_shard":22,"iter_rpg:coin":5,"minecraft:beef":7,"born_in_chaos_v1:gnawed_bones":3,"minecraft:jungle_sapling":21,"minecraft:iron_nugget":7,"minecraft:poppy":8,"iter_rpg:starfish":1,"supplementaries:rope":14,"minecraft:piston":1,"minecraft:egg":67,"unusualprehistory:tar_fossil_item":4,"minecraft:oak_door":1,"minecraft:spruce_fence":1,"farmersdelight:tomato_seeds":1,"born_in_chaos_v1:pieceofdarkmetal":15,"minecraft:carrot":59,"minecraft:redstone":10,"minecraft:prismarine_crystals":3,"minecraft:tnt":2,"minecraft:diamond_chestplate":1,"minecraft:beetroot_seeds":24,"minecraft:hay_block":27,"blue_skies:moonstone_shard":2,"minecraft:glow_berries":4,"minecraft:mutton":8,"minecraft:white_wool":8,"minecraft:lime_bed":1,"born_in_chaos_v1:evil_carved_pumpkin":1,"born_in_chaos_v1:monster_flesh":7,"minecraft:jungle_fence":1,"majruszsdifficulty:tattered_helmet":2,"minecraft:red_mushroom":18,"majruszsdifficulty:cloth":13,"nourished_nether:ghoulflower":1,"minecraft:oak_log":15,"minecraft:lily_pad":6,"minecraft:jungle_button":1,"weavers_cosmetics:thieves_hood_helmet":1,"environmental:healer_pouch":2,"quark:ravager_hide":1,"minecraft:stone_bricks":3,"environmental:purple_hibiscus":2,"minecraft:spore_blossom":1,"simplehats:farmerbrim":1,"minecraft:iron_ore":2,"galosphere:allurite_shard":6,"minecraft:glass_bottle":3,"minecraft:iron_sword":3,"minecraft:dark_oak_stairs":1,"create:mechanical_saw":1,"born_in_chaos_v1:ethereal_spirit":4,"minecraft:gravel":2,"delightful:salmonberries":2,"minecraft:leather_helmet":2,"galosphere:allurite_block":9,"minecraft:slime_ball":2,"minecraft:stone_axe":1,"minecraft:painting":8,"minecraft:birch_sign":14,"minecraft:gray_wool":5,"minecraft:hopper":1,"minecraft:ender_pearl":1,"rottencreatures:frozen_rotten_flesh":15,"environmental:orange_hibiscus":2,"minecraft:wheat":102,"minecraft:zombie_head":1,"minecraft:oak_sign":10,"alexsmobs:banana":2,"minecraft:bucket":4,"delightful:acorn":3,"minecraft:iron_pickaxe":2,"minecraft:tipped_arrow":4,"minecraft:stick":30,"minecraft:jungle_door":3,"farmersdelight:rotten_tomato":10,"minecraft:torch":85,"conjurer_illager:throwable_ball":2,"minecraft:porkchop":10,"minecraft:diorite":9,"minecraft:vine":11,"environmental:bird_of_paradise":1,"supplementaries:flax":38,"minecraft:cactus":1,"dungeons_mobs:necromancer_leggings":1,"minecraft:rotten_flesh":139,"minecraft:cobblestone":124,"minecraft:andesite":6,"minecraft:golden_leggings":1,"minecraft:potato":49,"minecraft:tuff":5,"create:raw_zinc":11,"environmental:red_hibiscus":1,"supplementaries:flax_seeds":43,"naturalist:lizard_tail":1,"minecraft:dirt":352,"minecraft:lapis_lazuli":21,"minecraft:cut_sandstone_slab":2,"born_in_chaos_v1:monster_skin":9,"minecraft:bone":82,"minecraft:bow":2,"minecraft:wheat_seeds":766,"iter_rpg:reef_stone":6,"minecraft:raw_gold":2,"minecraft:fletching_table":8,"minecraft:bamboo":13,"aquaculture:atlantic_herring":2,"iter_rpg:seashell":6,"minecraft:poisonous_potato":1,"minecraft:jungle_planks":34,"dungeons_mobs:gold_pillager_helmet":1,"iter_rpg:stone_geode":1,"minecraft:jungle_slab":18,"minecraft:mossy_cobblestone":1,"minecraft:dark_prismarine":2,"minecraft:jungle_leaves":3,"environmental:venison":3,"minecraft:sugar":2,"cataclysm:music_disc_netherite_monstrosity":1,"born_in_chaos_v1:fire_dust":2,"minecraft:diamond":41,"waystones:waystone":2,"alexsmobs:rattlesnake_rattle":3,"minecraft:crossbow":2,"environmental:pink_hibiscus":1,"minecraft:emerald":2,"minecraft:oak_sapling":2,"minecraft:netherrack":5,"rottencreatures:magma_rotten_flesh":4,"iter_rpg:spawner_fragment":1,"minecraft:cocoa_beans":8,"born_in_chaos_v1:diamond_termite_shard":4,"minecraft:chicken":8,"minecraft:ladder":12,"minecraft:gold_block":2,"minecraft:chain":1,"minecraft:iron_axe":1,"ecologics:walnut_sapling":1,"minecraft:candle":16,"minecraft:dark_prismarine_stairs":6,"atmospheric:yucca_flower":1,"ecologics:coconut_slice":10,"minecraft:bowl":1,"minecraft:stone_button":1,"create:hand_crank":1,"minecraft:trident":1,"minecraft:arrow":87,"atmospheric:flowering_morado_leaves":2,"born_in_chaos_v1:trident_hayfork":1,"born_in_chaos_v1:fused_bone":4,"born_in_chaos_v1:corpse_maggot":49,"alexsmobs:sopa_de_macaco":1,"minecraft:air":15,"minecraft:glow_ink_sac":7,"table_top_craft:chess_piece_figure":3,"minecraft:cut_sandstone":5,"minecraft:leather":12,"minecraft:ice":1,"atmospheric:dry_laurel_sapling":1,"minecraft:gunpowder":9,"minecraft:cobblestone_stairs":3,"atmospheric:orange":45,"galosphere:lumiere_shard":2,"minecraft:cooked_mutton":2,"minecraft:smooth_sandstone":2,"meetyourfight:mossy_tooth":1,"iter_rpg:potsherd":6,"minecraft:iron_ingot":13,"born_in_chaos_v1:chipped_black_argillite_brick":1,"minecraft:cooked_chicken":3,"epicsamurai:onyx":1,"bakery:strawberry":448,"minecraft:pumpkin":2,"minecraft:chiseled_stone_bricks":1,"minecraft:dandelion":2,"minecraft:lava_bucket":1,"minecraft:spider_eye":3,"minecraft:pumpkin_seeds":8,"minecraft:campfire":4,"environmental:yellow_hibiscus":3,"minecraft:black_wool":1,"majruszsdifficulty:tattered_chestplate":1,"minecraft:coal":3}},"DataVersion":3120}