{"stats":{"minecraft:broken":{"minecraft:wooden_shovel":2,"majruszsdifficulty:tattered_boots":1,"minecraft:iron_boots":1,"minecraft:iron_chestplate":2,"minecraft:iron_leggings":1,"minecraft:iron_sword":2,"minecraft:stone_hoe":1,"minecraft:iron_pickaxe":2,"minecraft:iron_helmet":3,"minecraft:leather_leggings":1,"minecraft:stone_pickaxe":1,"minecraft:chainmail_chestplate":1,"minecraft:stone_axe":6,"minecraft:wooden_axe":2,"paraglider:paraglider":1,"minecraft:stone_shovel":1,"create:sand_paper":1},"minecraft:mined":{"minecraft:dark_oak_planks":7,"minecraft:dark_prismarine_stairs":7,"create:copper_casing":2,"create:andesite_casing":10,"minecraft:jungle_leaves":81,"quark:jungle_vertical_slab":4,"minecraft:carved_pumpkin":1,"minecraft:granite":2,"minecraft:red_sand":2,"minecraft:jungle_log":45,"minecraft:light_gray_bed":1,"minecraft:coal_block":3,"minecraft:tall_seagrass":2,"minecraft:sticky_piston":2,"minecraft:fire":29,"minecraft:pumpkin":10,"minecraft:deepslate_lapis_ore":5,"supplementaries:globe":1,"minecraft:fletching_table":1,"minecraft:cave_vines":2,"minecraft:dirt_path":16,"minecraft:oak_stairs":1,"create:veridium":6,"minecraft:player_head":6,"create:limestone":8,"iter_rpg:arcane_flower":1,"minecraft:jungle_trapdoor":5,"minecraft:jungle_button":2,"minecraft:brown_mushroom":5,"minecraft:kelp_plant":4,"minecraft:amethyst_cluster":1,"atmospheric:dry_laurel_sapling":2,"minecraft:torch":28,"minecraft:melon":266,"galosphere:silver_ore":9,"quark:jungle_ladder":2,"minecraft:cyan_bed":2,"minecraft:damaged_anvil":1,"minecraft:sugar_cane":50,"iter_rpg:tall_void_quartz":2,"minecraft:amethyst_block":7,"minecraft:jungle_wood":1,"minecraft:wheat":201,"create:mechanical_mixer":1,"minecraft:jukebox":1,"minecraft:grass":600,"delightful:mini_melon":5,"create:hand_crank":1,"environmental:dirt_path":2,"minecraft:deepslate":41,"table_top_craft:chess_piece_figure":4,"minecraft:attached_pumpkin_stem":1,"create:zinc_ore":47,"minecraft:dark_prismarine":2,"minecraft:mossy_cobblestone":2,"epicsamurai:deepslate_onyx_ore":3,"farmersdelight:wild_carrots":1,"minecraft:dark_oak_log":10,"minecraft:stripped_birch_log":1,"minecraft:dark_oak_fence":1,"brazier:living_wall_torch":2,"minecraft:jungle_planks":31,"create:encased_fan":1,"atmospheric:agave":5,"minecraft:kelp":12,"minecraft:cartography_table":1,"minecraft:redstone_ore":3,"create:shaft":5,"minecraft:jungle_sapling":25,"environmental:stripped_cherry_log":1,"iter_rpg:void_quartz":5,"minecraft:andesite":140,"minecraft:vine":230,"environmental:cattail_stalk":2,"minecraft:bamboo":3,"supplementaries:wall_lantern":1,"minecraft:oak_slab":1,"minecraft:birch_stairs":1,"minecraft:soul_sand":1,"galosphere:deepslate_silver_ore":31,"minecraft:cornflower":5,"environmental:bird_of_paradise":2,"iter_rpg:vase":4,"quark:jungle_post":2,"create:water_wheel":2,"minecraft:copper_ore":45,"minecraft:tall_grass":13,"minecraft:deepslate_gold_ore":35,"atmospheric:orange":11,"create:mechanical_saw":1,"atmospheric:dry_laurel_leaves":2,"minecraft:coarse_dirt":29,"create:yellow_seat":1,"minecraft:white_carpet":1,"minecraft:jungle_fence":3,"quark:green_corundum":1,"quark:deepslate_furnace":1,"minecraft:zombie_head":1,"minecraft:gravel":7,"minecraft:dripstone_block":64,"minecraft:stone_bricks":1,"atmospheric:golden_growths":3,"minecraft:fern":187,"create:deepslate_zinc_ore":25,"minecraft:stone_pressure_plate":1,"minecraft:jungle_slab":105,"minecraft:cobblestone_stairs":1,"minecraft:cave_vines_plant":1,"minecraft:grass_block":509,"minecraft:infested_cobblestone":6,"minecraft:frosted_ice":3,"environmental:giant_tall_grass":22,"minecraft:raw_iron_block":1,"supplementaries:ash":22,"minecraft:iron_ore":11,"quark:bamboo_block":4,"born_in_chaos_v1:black_argillite_brick_slab":7,"born_in_chaos_v1:black_argillite_brick_stairs":8,"minecraft:anvil":1,"minecraft:pointed_dripstone":36,"minecraft:deepslate_redstone_ore":17,"ecologics:pot":3,"minecraft:melon_stem":20,"born_in_chaos_v1:carved_black_argillite":4,"minecraft:orange_terracotta":1,"minecraft:clay":1,"create:peculiar_bell":2,"born_in_chaos_v1:black_argillite_column_slab":10,"create:brass_casing":8,"minecraft:cobblestone":8,"minecraft:grindstone":3,"minecraft:wall_torch":13,"minecraft:birch_log":1,"born_in_chaos_v1:fired_black_argillite":8,"epicsamurai:aquamarine_ore":4,"minecraft:smooth_stone_slab":2,"minecraft:oak_log":1,"minecraft:dirt":122,"minecraft:sand":2,"born_in_chaos_v1:black_argillite_wall":8,"create:crimsite":3,"minecraft:oak_leaves":53,"minecraft:diamond_ore":1,"minecraft:tuff":8,"minecraft:deepslate_diamond_ore":7,"born_in_chaos_v1:infected_diamond_ore":3,"epicsamurai:deepslate_ruby_ore":4,"iter_rpg:ametrine_ore":10,"brazier:living_torch":2,"create:depot":1,"iter_rpg:big_vase":1,"minecraft:large_fern":11,"born_in_chaos_v1:black_argillite_column":1,"epicsamurai:onyx_ore":2,"minecraft:furnace":3,"iter_rpg:small_vase":10,"minecraft:raw_gold_block":1,"treechop:chopped_log":49,"minecraft:gold_block":5,"minecraft:deepslate_iron_ore":1,"minecraft:lantern":10,"minecraft:stripped_oak_log":1,"minecraft:stripped_jungle_log":19,"minecraft:stone":177,"minecraft:podzol":20,"born_in_chaos_v1:marigolds":2,"epicsamurai:deepslate_aquamarine_ore":4,"minecraft:crafting_table":3,"minecraft:lectern":1,"minecraft:deepslate_coal_ore":2,"delightful:wild_salmonberries":4,"minecraft:cactus":3,"iter_rpg:deepslate_ametrine_ore":4,"minecraft:mangrove_planks":1,"minecraft:coal_ore":55,"minecraft:cocoa":2,"minecraft:small_dripleaf":2,"minecraft:mossy_stone_bricks":1},"minecraft:picked_up":{"quark:diamond_heart":2,"born_in_chaos_v1:charmof_stealth":1,"minecraft:prismarine_shard":7,"minecraft:magenta_carpet":10,"minecraft:oak_stairs":1,"minecraft:enchanted_book":1,"minecraft:amethyst_block":7,"environmental:thief_hood":2,"minecraft:string":40,"create:limestone":8,"atmospheric:aspen_log":18,"create:unprocessed_obsidian_sheet":1,"minecraft:beetroot":2,"create:water_wheel":2,"minecraft:gold_nugget":5,"minecraft:cobbled_deepslate":36,"bosses_of_mass_destruction:soul_star":2,"minecraft:enchanted_golden_apple":1,"minecraft:melon_slice":1329,"minecraft:coal_block":3,"minecraft:mangrove_log":2,"minecraft:jukebox":1,"minecraft:acacia_log":2,"create:andesite_casing":11,"born_in_chaos_v1:pileof_dark_metal":1,"born_in_chaos_v1:black_argillite_brick_stairs":8,"iter_rpg:voidquartz_shard":26,"minecraft:light_gray_bed":3,"create:copper_casing":2,"quark:bamboo_block":4,"minecraft:carved_pumpkin":1,"iter_rpg:gobsteel_scrap":6,"supplementaries:ash":51,"supplementaries:quiver":2,"minecraft:birch_log":3,"minecraft:feather":1,"minecraft:jungle_log":1051,"atmospheric:laurel_log":18,"minecraft:flint":4,"born_in_chaos_v1:black_argillite_button":3,"farmersdelight:tomato":191,"minecraft:lantern":9,"dungeons_mobs:alpine_leggings":1,"born_in_chaos_v1:marigolds":2,"minecraft:chipped_anvil":1,"iter_rpg:arcane_flower":1,"environmental:cherry_sapling":11,"delightful:mini_melon":5,"create:mechanical_drill":3,"create:shaft":5,"iter_rpg:water_fragment":2,"galosphere:raw_silver":40,"ecologics:prickly_pear":1,"quark:jungle_post":2,"minecraft:dark_oak_log":10,"naturalist:duck_egg":1,"aquamirae:music_disc_horizon":1,"minecraft:bundle":1,"create:crimsite":3,"supplementaries:bamboo_spikes":3,"minecraft:granite":2,"minecraft:bread":1,"epicsamurai:ruby":4,"minecraft:dark_oak_fence":1,"create:pink_toolbox":1,"minecraft:diamond_pickaxe":1,"create:copper_sheet":52,"minecraft:crafting_table":4,"minecraft:coarse_dirt":29,"minecraft:clay_ball":9,"born_in_chaos_v1:serpumpkinhead_m":1,"friendsandfoes:totem_of_illusion":2,"born_in_chaos_v1:charmof_resistance":1,"conjurer_illager:throwing_card":3,"born_in_chaos_v1:fired_black_argillite":8,"minecraft:cornflower":5,"born_in_chaos_v1:black_argillite_column":1,"minecraft:jungle_trapdoor":5,"supplementaries:globe":1,"quark:jungle_ladder":5,"minecraft:iron_shovel":1,"minecraft:white_carpet":1,"minecraft:cartography_table":1,"iter_rpg:ametrine_shard":37,"iter_rpg:coin":4,"minecraft:beef":17,"create:haunted_bell":1,"minecraft:jungle_sapling":129,"minecraft:iron_nugget":6,"minecraft:raw_copper_block":1,"minecraft:egg":789,"minecraft:stone":1,"minecraft:raw_gold_block":1,"minecraft:fire_charge":2,"create:powdered_obsidian":7,"born_in_chaos_v1:pieceofdarkmetal":16,"minecraft:carrot":1,"minecraft:redstone":90,"create:brass_casing":8,"minecraft:prismarine_crystals":3,"minecraft:diamond_chestplate":2,"minecraft:beetroot_seeds":14,"born_in_chaos_v1:wood_splitter_axe":1,"create:depot":1,"minecraft:gold_ingot":4,"minecraft:totem_of_undying":6,"dungeons_mobs:mountaineer_helmet":1,"minecraft:glow_berries":3,"minecraft:bone_block":9,"minecraft:stripped_oak_log":1,"born_in_chaos_v1:black_argillite_column_slab":10,"create:iron_sheet":73,"create:brass_sheet":8,"born_in_chaos_v1:monster_flesh":1,"born_in_chaos_v1:pumpkin_staff":1,"minecraft:jungle_fence":3,"majruszsdifficulty:tattered_helmet":1,"majruszsdifficulty:cloth":17,"minecraft:filled_map":1,"minecraft:oak_log":41,"minecraft:jungle_button":2,"minecraft:paper":1,"minecraft:white_banner":6,"environmental:healer_pouch":2,"create:crushed_raw_iron":24,"quark:ravager_hide":4,"born_in_chaos_v1:soul_cutlass":1,"minecraft:apple":4,"minecraft:kelp":21,"quark:glow_shroom":1,"minecraft:stone_pickaxe":3,"minecraft:iron_ore":4,"minecraft:glass_bottle":4,"epicsamurai:aquamarine":8,"minecraft:iron_sword":2,"create:mechanical_saw":3,"born_in_chaos_v1:ethereal_spirit":9,"minecraft:gravel":34,"minecraft:birch_stairs":1,"delightful:salmonberries":77,"quark:green_corundum":1,"minecraft:infested_stone_bricks":12,"minecraft:slime_ball":1,"born_in_chaos_v1:black_argillite_brick_slab":16,"minecraft:melon_seeds":62,"minecraft:wheat":808,"atmospheric:aspen_sapling":11,"create:yellow_seat":1,"minecraft:potion":2,"bakery:strawberry_seeds":988,"born_in_chaos_v1:black_argillite_wall":8,"minecraft:raw_copper":154,"minecraft:sticky_piston":2,"minecraft:zombie_head":1,"minecraft:red_sand":2,"alexsmobs:banana":26,"minecraft:bucket":1,"delightful:acorn":14,"artifacts:aqua_dashers":1,"create:sturdy_sheet":2,"minecraft:azalea":1,"minecraft:iron_pickaxe":3,"create:peculiar_bell":3,"minecraft:furnace":5,"minecraft:tipped_arrow":3,"minecraft:stick":263,"create:mechanical_mixer":1,"farmersdelight:rotten_tomato":10,"minecraft:torch":47,"conjurer_illager:throwable_ball":6,"minecraft:porkchop":1,"minecraft:pointed_dripstone":64,"minecraft:vine":6,"environmental:bird_of_paradise":4,"supplementaries:flax":38,"environmental:stripped_cherry_log":1,"mutantmonsters:hulk_hammer":1,"minecraft:cactus":4,"minecraft:rotten_flesh":137,"minecraft:music_disc_ward":1,"create:veridium":3,"minecraft:green_wool":5,"minecraft:obsidian":8,"minecraft:cobblestone":211,"paraglider:paraglider":1,"minecraft:andesite":140,"minecraft:golden_leggings":1,"minecraft:potato":2,"minecraft:tuff":8,"create:raw_zinc":69,"supplementaries:flax_seeds":54,"minecraft:lapis_lazuli":35,"minecraft:dirt":708,"minecraft:stripped_birch_log":3,"environmental:cherries":14,"born_in_chaos_v1:monster_skin":1,"cataclysm:music_disc_ignis":6,"minecraft:bone":72,"dungeons_mobs:gold_vindicator_helmet":2,"minecraft:wheat_seeds":1542,"minecraft:bow":2,"iter_rpg:reef_stone":1,"minecraft:raw_gold":44,"minecraft:grindstone":3,"minecraft:mossy_stone_bricks":1,"minecraft:fletching_table":1,"minecraft:bamboo":51,"aquaculture:atlantic_herring":2,"aquaculture:arapaima":1,"minecraft:music_disc_13":2,"environmental:cherry_log":32,"minecraft:sand":49,"minecraft:jungle_planks":122,"minecraft:cyan_bed":2,"iter_rpg:stone_geode":1,"minecraft:jungle_slab":234,"minecraft:dark_prismarine":2,"minecraft:yellow_carpet":12,"cataclysm:music_disc_netherite_monstrosity":1,"artifacts:golden_hook":1,"minecraft:diamond":20,"minecraft:soul_lantern":1,"waystones:waystone":1,"minecraft:crossbow":1,"minecraft:spruce_sign":1,"minecraft:emerald":14,"minecraft:oak_sapling":54,"mutantmore:compound_z":1,"majruszsdifficulty:tattered_boots":1,"minecraft:cocoa_beans":36,"born_in_chaos_v1:diamond_termite_shard":2,"minecraft:chicken":6,"iter_rpg:whetstone":3,"minecraft:brown_mushroom":5,"minecraft:gold_block":3,"minecraft:chain":2,"minecraft:iron_axe":1,"minecraft:dark_prismarine_stairs":7,"minecraft:oak_boat":1,"minecraft:player_head":7,"minecraft:lectern":2,"minecraft:sugar_cane":105,"enlightened_end:sprog_music_disc":1,"minecraft:dark_oak_sapling":1,"minecraft:raw_iron":14,"born_in_chaos_v1:carved_black_argillite":4,"create:golden_sheet":7,"minecraft:copper_ingot":2,"minecraft:bowl":1,"quark:deepslate_furnace":1,"create:hand_crank":5,"born_in_chaos_v1:charmof_endurance":1,"minecraft:dark_oak_planks":7,"minecraft:arrow":54,"create:experience_nugget":13,"minecraft:saddle":2,"born_in_chaos_v1:fused_bone":4,"born_in_chaos_v1:corpse_maggot":25,"alexsmobs:sopa_de_macaco":1,"environmental:cheerful_cherry_sapling":2,"minecraft:glow_ink_sac":5,"table_top_craft:chess_piece_figure":7,"minecraft:leather":19,"quark:music_disc_rain":1,"atmospheric:dry_laurel_sapling":9,"minecraft:gunpowder":6,"minecraft:cobblestone_stairs":1,"atmospheric:orange":15,"minecraft:orange_terracotta":1,"meetyourfight:mossy_tooth":2,"iter_rpg:potsherd":6,"minecraft:iron_ingot":38,"minecraft:cooked_chicken":3,"born_in_chaos_v1:chipped_black_argillite_brick":1,"artifacts:kitty_slippers":1,"minecraft:soul_sand":1,"epicsamurai:onyx":5,"minecraft:oak_slab":1,"bakery:strawberry":570,"minecraft:pumpkin":10,"minecraft:dripstone_block":64,"born_in_chaos_v1:black_argillitepressureplate":8,"quark:jungle_vertical_slab":4,"minecraft:raw_iron_block":1,"aquaculture:piranha":2,"brazier:living_torch":4,"minecraft:lava_bucket":1,"minecraft:amethyst_shard":2,"minecraft:gold_ore":10,"minecraft:spider_eye":10,"create:wheat_flour":4,"minecraft:stripped_jungle_log":19,"minecraft:pumpkin_seeds":12,"create:brass_ingot":22,"environmental:cattail":8,"create:encased_fan":1,"minecraft:damaged_anvil":1,"minecraft:coal":67},"minecraft:custom":{"minecraft:interact_with_crafting_table":180,"minecraft:open_barrel":250,"minecraft:bell_ring":366,"minecraft:eat_cake_slice":7,"minecraft:leave_game":18,"minecraft:time_since_death":34556,"minecraft:play_time":2038098,"minecraft:deaths":160,"minecraft:jump":22694,"minecraft:interact_with_furnace":79,"minecraft:play_record":9,"minecraft:interact_with_cartography_table":1,"minecraft:sleep_in_bed":80,"minecraft:waystone_activated":11,"minecraft:damage_dealt":117264,"minecraft:interact_with_smoker":1,"minecraft:inspect_dispenser":6,"minecraft:inspect_dropper":3,"minecraft:interact_with_anvil":18,"minecraft:inspect_hopper":7,"minecraft:damage_dealt_absorbed":215,"minecraft:sneak_time":30093,"minecraft:interact_with_lectern":2,"minecraft:interact_with_blast_furnace":1,"minecraft:total_world_time":2038098,"enigmaticlegacy:play_time_without_seven_curses":2032108,"minecraft:interact_with_stonecutter":2,"minecraft:time_since_rest":3931,"minecraft:swim_one_cm":221611,"minecraft:fly_one_cm":4458196,"minecraft:open_chest":1658,"minecraft:fall_one_cm":551023,"enigmaticlegacy:play_time_with_seven_curses":0,"lootr:looted_stat":117,"minecraft:animals_bred":47,"minecraft:sprint_one_cm":3986646,"minecraft:drop":454,"minecraft:talked_to_villager":10,"minecraft:walk_on_water_one_cm":147671,"minecraft:player_kills":3,"minecraft:crouch_one_cm":68586,"minecraft:mob_kills":456,"minecraft:damage_dealt_resisted":2262,"minecraft:climb_one_cm":595405,"minecraft:walk_one_cm":4996621,"minecraft:walk_under_water_one_cm":80656,"minecraft:boat_one_cm":25015,"minecraft:raid_trigger":1,"minecraft:damage_taken":66053},"minecraft:dropped":{"minecraft:glass_bottle":3,"minecraft:diamond":15,"minecraft:crossbow":1,"minecraft:glow_berries":1,"meetyourfight:mossy_tooth":1,"born_in_chaos_v1:pieceofdarkmetal":1,"minecraft:red_mushroom":17,"minecraft:dirt":11,"supplementaries:rope":14,"minecraft:jungle_sapling":2,"minecraft:sand":11,"minecraft:sugar":6,"minecraft:bone":13,"minecraft:green_wool":5,"minecraft:stone_axe":1,"minecraft:sugar_cane":16,"mutantmonsters:hulk_hammer":1,"minecraft:iron_nugget":6,"minecraft:cooked_chicken":3,"minecraft:cobbled_deepslate":6,"minecraft:wheat":299,"minecraft:obsidian":9,"minecraft:rotten_flesh":18,"minecraft:grindstone":1,"minecraft:enchanted_golden_apple":1,"supplementaries:flax_seeds":8,"minecraft:jungle_log":729,"born_in_chaos_v1:marigolds":2,"minecraft:cartography_table":1,"minecraft:egg":328,"minecraft:iron_ingot":124,"environmental:thief_hood":1,"minecraft:wheat_seeds":218,"minecraft:tnt":2,"minecraft:golden_horse_armor":1,"minecraft:cobblestone":43,"minecraft:apple":1,"minecraft:granite":2,"born_in_chaos_v1:soul_cutlass":1,"minecraft:coal":19,"minecraft:yellow_carpet":9,"minecraft:lava_bucket":1,"minecraft:jungle_slab":128,"delightful:acorn":2,"minecraft:stripped_birch_log":1,"minecraft:paper":1,"minecraft:string":8,"alexsmobs:banana_peel":8,"minecraft:player_head":1,"minecraft:stone_sword":1,"minecraft:bowl":2,"minecraft:diamond_hoe":1,"minecraft:chicken":2,"minecraft:clay_ball":4,"environmental:cherry_log":1,"minecraft:potato":1,"create:zinc_ingot":10,"epicsamurai:ruby":8,"minecraft:spider_eye":3,"minecraft:red_sand":8,"minecraft:gold_ore":10,"minecraft:soul_sand":4,"minecraft:brown_mushroom":15,"quark:glow_shroom":1,"minecraft:oak_log":5,"minecraft:baked_potato":8,"brazier:living_torch":14,"atmospheric:laurel_log":9,"minecraft:leather":7,"minecraft:jungle_planks":29,"table_top_craft:chess_piece_figure":1,"minecraft:jungle_button":1,"minecraft:pumpkin_pie":4,"minecraft:axolotl_bucket":1,"create:iron_sheet":3,"paraglider:paraglider":1,"minecraft:gold_ingot":8,"naturalist:cooked_egg":10,"minecraft:gravel":29,"minecraft:blackstone":3,"minecraft:beetroot":2,"minecraft:carrot":1,"minecraft:gunpowder":33,"minecraft:beetroot_seeds":14,"born_in_chaos_v1:corpse_maggot":2,"create:brass_ingot":14,"create:wheat_flour":52,"minecraft:iron_ore":47,"minecraft:iron_bars":15,"artifacts:scarf_of_invisibility":1,"minecraft:water_bucket":2,"minecraft:bread":2,"create:unprocessed_obsidian_sheet":3,"minecraft:magenta_carpet":8,"create:mechanical_saw":1,"minecraft:copper_ingot":63,"minecraft:stick":53,"iter_rpg:whetstone":2,"born_in_chaos_v1:pumpkin_staff":1,"minecraft:melon_slice":132,"iter_rpg:voidquartz_shard":1,"minecraft:redstone":10,"minecraft:dark_prismarine_stairs":3,"minecraft:raw_copper":3,"minecraft:tuff":2,"minecraft:ender_eye":1,"minecraft:filled_map":1,"create:dough":15,"supplementaries:rope_arrow":1,"minecraft:golden_leggings":1,"minecraft:oak_sapling":24,"farmersdelight:minced_beef":3,"minecraft:slime_ball":1,"minecraft:stone_pickaxe":4},"minecraft:killed_by":{"minecraft:zombie_villager":1,"minecraft:piglin_brute":3,"endermanoverhaul:cave_enderman":2,"minecraft:pillager":2,"dungeons_mobs:jungle_zombie":1,"minecraft:ravager":15,"mutantmonsters:mutant_creeper":2,"dungeons_mobs:mossy_skeleton":6,"minecraft:vindicator":10,"born_in_chaos_v1:pumpkinhead":1,"minecraft:zombie":1,"iter_rpg:hobgoblin":1,"minecraft:vex":7,"minecraft:husk":4,"minecraft:stray":2,"born_in_chaos_v1:zombie_lumberjack":1,"born_in_chaos_v1:swarmer":1,"dungeons_mobs:mountaineer":2,"dungeons_mobs:redstone_golem":6,"alexsmobs:tiger":1,"dungeons_mobs:poison_anemone":1,"alexsmobs:centipede_head":2,"mutantmonsters:mutant_skeleton":10,"minecraft:evoker":1,"born_in_chaos_v1:zombie_bruiser":3,"quark:forgotten":2,"born_in_chaos_v1:corpse_fly":1,"alexsmobs:crocodile":1,"meetyourfight:swampjaw":40,"mutantmonsters:creeper_minion":3,"minecraft:spider":2,"dungeons_mobs:royal_guard":4,"minecraft:skeleton":8,"born_in_chaos_v1:missioner":5,"dungeons_mobs:poison_quill_vine":1},"minecraft:used":{"create:deployer":5,"brazier:living_torch":4,"alexsmobs:sopa_de_macaco":1,"minecraft:stone":1,"minecraft:rotten_flesh":1,"create:fluid_tank":20,"minecraft:soul_sand":1,"create:mechanical_crafter":21,"minecraft:jungle_slab":177,"create:depot":14,"minecraft:jungle_sapling":125,"minecraft:lava_bucket":6,"minecraft:jungle_fence_gate":2,"create:stockpile_switch":1,"minecraft:bow":66,"create:shaft":20,"minecraft:oak_sapling":12,"mutantmonsters:hulk_hammer":1,"minecraft:furnace":2,"minecraft:egg":356,"minecraft:dark_prismarine_stairs":4,"minecraft:leather_leggings":1,"minecraft:stripped_birch_log":1,"minecraft:jungle_boat":1,"minecraft:cookie":1,"create:spout":4,"minecraft:glow_berries":2,"minecraft:sand":4,"conjurer_illager:throwing_card":2,"minecraft:pumpkin_seeds":12,"woodworks:jungle_chest":23,"supplementaries:flax_seeds":3,"minecraft:wooden_sword":4,"create:basin":2,"cataclysm:music_disc_ignis":6,"minecraft:birch_log":3,"minecraft:oak_boat":1,"minecraft:stone_sword":116,"minecraft:torch":64,"minecraft:chainmail_chestplate":1,"minecraft:yellow_carpet":3,"minecraft:jungle_trapdoor":8,"create:wrench":141,"minecraft:iron_axe":625,"minecraft:jungle_log":19,"minecraft:barrel":3,"minecraft:melon_seeds":50,"minecraft:bamboo":4,"create:fluid_pipe":3,"minecraft:orange_terracotta":1,"minecraft:cobbled_deepslate":1,"minecraft:wheat_seeds":373,"minecraft:water_bucket":65,"born_in_chaos_v1:serpumpkinhead_m":1,"atmospheric:orange":20,"create:blaze_burner":2,"minecraft:rail":1,"minecraft:vine":3,"create:encased_fan":1,"minecraft:crafting_table":8,"minecraft:oak_slab":3,"minecraft:cake":1,"minecraft:oak_log":1,"majruszsdifficulty:undead_army_treasure_bag":1,"minecraft:stripped_jungle_log":11,"minecraft:iron_pickaxe":755,"create:water_wheel":9,"minecraft:cobblestone":44,"minecraft:jukebox":1,"environmental:stripped_cherry_log":1,"woodworks:dark_oak_chest":2,"minecraft:red_sand":1,"minecraft:iron_shovel":350,"minecraft:diamond_hoe":2,"minecraft:iron_sword":2123,"create:haunted_bell":1,"minecraft:player_head":3,"minecraft:soul_campfire":1,"minecraft:iron_chestplate":1,"supplementaries:globe":1,"create:cogwheel":15,"minecraft:jungle_planks":46,"ecologics:prickly_pear":1,"minecraft:tuff":1,"create:light_blue_toolbox":1,"minecraft:lantern":9,"minecraft:iron_helmet":2,"create:millstone":7,"minecraft:written_book":1,"minecraft:jungle_button":2,"create:yellow_seat":1,"table_top_craft:chess_piece_figure":2,"create:crushing_wheel":15,"naturalist:cooked_egg":78,"minecraft:stone_pickaxe":244,"minecraft:jungle_fence":33,"minecraft:mangrove_planks":1,"minecraft:sugar_cane":7,"atmospheric:dry_laurel_sapling":9,"minecraft:shears":1,"waystones:waystone":1,"minecraft:lever":1,"conjurer_illager:throwable_ball":7,"minecraft:melon_slice":936,"minecraft:bread":45,"minecraft:cyan_bed":2,"environmental:cherry_log":3,"create:peculiar_bell":3,"create:andesite_casing":1,"delightful:salmonberry_pips":23,"aquamirae:music_disc_horizon":1,"minecraft:bone_meal":132,"create:large_cogwheel":10,"create:item_vault":9,"minecraft:stone_shovel":179,"minecraft:wooden_shovel":117,"minecraft:stone_hoe":365,"create:mechanical_pump":21,"minecraft:dirt":347,"create:mechanical_mixer":3,"minecraft:hopper":19,"minecraft:dark_oak_planks":5,"minecraft:wooden_axe":105,"minecraft:oak_stairs":1,"minecraft:iron_boots":2,"create:cart_assembler":1,"bakery:strawberry_seeds":13,"minecraft:minecart":1,"alexsmobs:banana":13,"minecraft:light_gray_bed":3,"minecraft:iron_leggings":1,"minecraft:baked_potato":71,"minecraft:spruce_sign":1,"create:item_drain":1,"bakery:strawberry":1,"minecraft:magenta_carpet":2,"minecraft:infested_stone_bricks":12,"create:sail_frame":18,"minecraft:wooden_hoe":23,"create:mechanical_press":1,"quark:jungle_vertical_slab":3,"create:large_water_wheel":1,"minecraft:stone_axe":1057,"minecraft:white_banner":5,"minecraft:bucket":80,"create:hand_crank":15,"minecraft:birch_stairs":1,"enlightened_end:sprog_music_disc":1},"minecraft:crafted":{"minecraft:jungle_button":1,"minecraft:jungle_fence_gate":4,"minecraft:lever":1,"create:item_vault":24,"minecraft:iron_bars":16,"create:vertical_gearbox":1,"create:mechanical_press":1,"minecraft:melon_seeds":17,"galosphere:silver_ingot":67,"create:cogwheel":39,"minecraft:soul_soil":1,"minecraft:wooden_shovel":2,"create:rose_quartz":7,"minecraft:soul_campfire":1,"minecraft:jungle_boat":1,"minecraft:copper_ingot":76,"create:mechanical_mixer":1,"create:gearbox":1,"create:encased_fan":1,"minecraft:wooden_hoe":3,"naturescompass:naturescompass":1,"minecraft:iron_pickaxe":2,"minecraft:iron_block":1,"woodworks:dark_oak_chest":2,"create:large_cogwheel":13,"create:propeller":1,"minecraft:fire_charge":3,"naturalist:cooked_egg":159,"minecraft:stone_shovel":2,"create:wrench":1,"minecraft:iron_nugget":252,"create:white_sail":18,"woodworks:jungle_chest":49,"minecraft:bone_meal":132,"minecraft:stone_pickaxe":3,"minecraft:jungle_fence":150,"create:electron_tube":9,"minecraft:dark_oak_planks":40,"minecraft:dried_kelp":1,"create:goggles":1,"minecraft:jungle_slab":450,"create:blaze_burner":1,"minecraft:wooden_axe":2,"minecraft:oak_stairs":4,"minecraft:iron_shovel":1,"atmospheric:aspen_planks":64,"create:shaft":64,"minecraft:oak_planks":104,"minecraft:barrel":48,"minecraft:stone":4,"create:deployer":1,"minecraft:hopper":18,"minecraft:bow":1,"create:cart_assembler":1,"minecraft:comparator":1,"create:spout":1,"minecraft:ender_eye":3,"minecraft:stone_hoe":3,"create:brass_hand":2,"minecraft:oak_slab":6,"create:depot":4,"sophisticatedbackpacks:backpack":1,"minecraft:cauldron":7,"minecraft:crafting_table":13,"create:fluid_pipe":24,"create:sand_paper":2,"sophisticatedbackpacks:upgrade_base":2,"create:water_wheel":5,"minecraft:shield":1,"minecraft:stick":490,"create:mechanical_pump":20,"minecraft:iron_ingot":192,"minecraft:stone_sword":2,"minecraft:redstone_torch":4,"infernalexp:cooked_hogchop":20,"minecraft:shears":1,"create:stockpile_switch":1,"create:empty_blaze_burner":1,"minecraft:wooden_sword":1,"minecraft:coal":9,"minecraft:furnace":1,"minecraft:jungle_trapdoor":4,"create:millstone":1,"born_in_chaos_v1:fried_maggot":2,"create:fluid_tank":20,"create:basin":1,"minecraft:minecart":1,"sophisticatedbackpacks:iron_backpack":1,"quark:backpack":1,"create:andesite_alloy":139,"create:hand_crank":4,"minecraft:diamond_sword":1,"create:sail_frame":18,"minecraft:iron_sword":2,"create:large_water_wheel":1,"minecraft:mangrove_planks":8,"create:item_drain":1,"minecraft:bucket":1,"minecraft:stone_axe":9,"minecraft:air":0,"minecraft:jungle_planks":1644,"minecraft:oak_boat":1,"create:whisk":1,"create:mechanical_crafter":21,"minecraft:acacia_planks":4,"minecraft:torch":68,"delightful:salmonberry_pips":23,"create:zinc_ingot":34,"create:experience_block":2},"minecraft:killed":{"born_in_chaos_v1:restless_spirit":6,"born_in_chaos_v1:zombie_lumberjack":5,"born_in_chaos_v1:door_knight_not_despawn":1,"dungeons_mobs:mountaineer":2,"born_in_chaos_v1:siamese_skeletonsright":2,"minecraft:zombie_horse":1,"minecraft:skeleton":41,"dungeons_mobs:mage":2,"minecraft:chicken":1,"creeperoverhaul:jungle_creeper":1,"alexsmobs:skelewag":1,"dungeons_mobs:geomancer":1,"dungeons_mobs:windcaller":1,"naturalist:dragonfly":1,"majruszsdifficulty:tank":1,"dungeons_mobs:wraith":4,"born_in_chaos_v1:dread_hound_not_despawn":1,"minecraft:pillager":28,"minecraft:zombie":66,"born_in_chaos_v1:corpse_fly":13,"mutantmonsters:mutant_creeper":1,"born_in_chaos_v1:door_knight":2,"minecraft:cow":12,"minecraft:evoker":5,"minecraft:vindicator":20,"iter_rpg:hobgoblin":1,"rottencreatures:undead_miner":3,"iter_rpg:water_elemental":2,"minecraft:husk":4,"minecraft:rabbit":5,"minecraft:ravager":2,"iter_rpg:blob":1,"born_in_chaos_v1:decrepit_skeleton":2,"mutantmonsters:creeper_minion":2,"minecraft:enderman":1,"dungeons_mobs:quick_growing_vine":2,"minecraft:zombified_piglin":1,"minecraft:witch":6,"dungeons_mobs:royal_guard":4,"minecraft:spider":30,"crittersandcompanions:leaf_insect":1,"iter_rpg:forest_vines":1,"dungeons_mobs:leapleaf":1,"creeperoverhaul:bamboo_creeper":6,"minecraft:silverfish":10,"minecraft:illusioner":2,"minecraft:piglin_brute":26,"born_in_chaos_v1:firelight_not_despawn":2,"artifacts:mimic":1,"minecraft:piglin":3,"quark:stoneling":1,"minecraft:zombie_villager":8,"born_in_chaos_v1:diamond_termite":2,"iter_rpg:spiderling":5,"minecraft:creeper":1,"dungeons_mobs:jungle_zombie":20,"minecraft:stray":3,"dungeons_mobs:poison_quill_vine":4,"born_in_chaos_v1:siamese_skeletonsleft":2,"minecraft:vex":6,"born_in_chaos_v1:missioner":1,"dungeons_mobs:mossy_skeleton":4,"alexsmobs:tiger":1,"born_in_chaos_v1:zombie_bruiser":8,"born_in_chaos_v1:maggot":28,"born_in_chaos_v1:siamese_skeletons":1,"born_in_chaos_v1:baby_skeleton":3,"supplementaries:red_merchant":1,"born_in_chaos_v1:swarmer":1,"naturalist:butterfly":1,"dungeons_mobs:whisperer":4,"dungeons_mobs:illusioner":1,"mutantmonsters:mutant_zombie":1}},"DataVersion":3120}