{"stats":{"minecraft:broken":{"minecraft:golden_boots":1,"minecraft:shears":1,"majruszsdifficulty:tattered_boots":4,"minecraft:iron_boots":2,"majruszsdifficulty:tattered_leggings":1,"minecraft:iron_chestplate":2,"minecraft:iron_leggings":2,"iter_rpg:gobsteel_javelin":2,"minecraft:iron_sword":2,"environmental:thief_hood":1,"minecraft:stone_sword":2,"minecraft:wooden_pickaxe":1,"minecraft:shield":1,"minecraft:iron_axe":3,"minecraft:iron_pickaxe":3,"minecraft:iron_helmet":1,"minecraft:iron_shovel":1,"minecraft:leather_leggings":1,"minecraft:stone_pickaxe":1,"born_in_chaos_v1:wood_splitter_axe":1,"minecraft:golden_chestplate":1,"majruszsdifficulty:tattered_helmet":1,"minecraft:leather_boots":1,"majruszsdifficulty:tattered_chestplate":1},"minecraft:mined":{"minecraft:dark_prismarine_stairs":1,"born_in_chaos_v1:cultivated_pumpkin":3,"create:andesite_casing":1,"alexsmobs:leafcutter_anthill":1,"minecraft:jungle_leaves":324,"quark:jungle_vertical_slab":18,"ecologics:surface_moss":1,"minecraft:granite":19,"minecraft:red_sand":14,"born_in_chaos_v1:dark_metal_deposit":2,"minecraft:jungle_log":7,"minecraft:light_gray_bed":4,"minecraft:spawner":9,"ecologics:prickly_pear":2,"minecraft:potted_warped_fungus":1,"epicsamurai:deepslate_jade_ore":22,"minecraft:magma_block":2,"minecraft:fire":8,"minecraft:moss_carpet":2,"minecraft:pumpkin":21,"bakery:strawberry_taiga":1,"minecraft:cave_vines":8,"minecraft:small_amethyst_bud":1,"environmental:red_lotus_flower":1,"minecraft:pink_tulip":2,"minecraft:iron_block":1,"minecraft:player_head":2,"create:limestone":18,"minecraft:tripwire":7,"minecraft:sandstone_slab":4,"minecraft:cut_sandstone":2,"minecraft:brown_mushroom":3,"table_top_craft:jungle_connect_four":1,"atmospheric:flowering_morado_leaves":1,"minecraft:amethyst_cluster":3,"minecraft:torch":22,"minecraft:melon":62,"create:scoria":10,"minecraft:dead_bush":1,"quark:paper_wall_sakura":15,"galosphere:silver_ore":11,"minecraft:sugar_cane":3,"minecraft:damaged_anvil":1,"minecraft:amethyst_block":32,"minecraft:skeleton_skull":1,"minecraft:white_terracotta":5,"ecologics:seashell":1,"minecraft:stone_brick_stairs":1,"minecraft:grass":92,"delightful:mini_melon":1,"quark:indigo_corundum_cluster":1,"minecraft:smooth_basalt":2,"minecraft:red_mushroom_block":3,"minecraft:stonecutter":1,"minecraft:deepslate":150,"table_top_craft:chess_piece_figure":24,"create:zinc_ore":44,"minecraft:yellow_terracotta":1,"tetra:block_geode":3,"minecraft:sea_lantern":8,"minecraft:spruce_fence":1,"minecraft:allium":4,"minecraft:jungle_planks":46,"born_in_chaos_v1:black_argillite":5,"minecraft:redstone_wire":1,"alexsmobs:leafcutter_ant_chamber":22,"minecraft:moss_block":24,"minecraft:red_mushroom":14,"born_in_chaos_v1:gnawed_bones":1,"aquaculture:tackle_box":2,"minecraft:acacia_trapdoor":1,"supplementaries:flax":21,"iter_rpg:void_quartz":1,"supplementaries:bamboo_spikes":10,"minecraft:andesite":555,"atmospheric:aspen_chest":1,"minecraft:big_dripleaf_stem":1,"minecraft:vine":89,"create:chute":1,"minecraft:green_candle":1,"quark:permafrost":5,"supplementaries:wall_lantern":2,"atmospheric:morado_leaves":1,"epicsamurai:jade_ore":5,"minecraft:brown_carpet":3,"minecraft:dandelion":2,"minecraft:smooth_sandstone":3,"create:mechanical_pump":2,"iter_rpg:vase":5,"minecraft:campfire":2,"minecraft:tall_grass":2,"supplementaries:sconce":1,"minecraft:diorite":47,"atmospheric:orange":2,"create:mechanical_saw":3,"minecraft:black_stained_glass":1,"minecraft:coarse_dirt":2,"minecraft:jungle_fence":16,"create:mechanical_drill":3,"minecraft:mycelium":1,"minecraft:gravel":8,"minecraft:stone_bricks":7,"atmospheric:golden_growths":1,"minecraft:chipped_anvil":1,"minecraft:fern":17,"minecraft:large_amethyst_bud":2,"create:deepslate_zinc_ore":3,"minecraft:farmland":3,"minecraft:jungle_slab":222,"minecraft:potted_cactus":8,"minecraft:brewing_stand":1,"minecraft:cave_vines_plant":2,"minecraft:budding_amethyst":2,"minecraft:grass_block":224,"minecraft:infested_cobblestone":2,"minecraft:sandstone_stairs":2,"environmental:giant_tall_grass":7,"minecraft:glowstone":6,"unusualprehistory:petrified_planks":2,"quark:bamboo_block":1,"minecraft:iron_ore":21,"born_in_chaos_v1:black_argillite_brick_slab":2,"minecraft:anvil":2,"minecraft:pointed_dripstone":9,"minecraft:red_tulip":1,"supplementaries:stick":1,"quark:indigo_corundum":1,"minecraft:azalea":1,"minecraft:medium_amethyst_bud":1,"minecraft:clay":26,"quark:cactus_block":5,"minecraft:light_gray_terracotta":2,"delightful:pumpkin_pie":2,"minecraft:calcite":19,"minecraft:poppy":3,"minecraft:mushroom_stem":6,"minecraft:cobblestone":3,"minecraft:wall_torch":2,"minecraft:seagrass":2,"born_in_chaos_v1:river_mint":1,"minecraft:orange_tulip":1,"minecraft:tnt":1,"quark:birch_ladder":1,"minecraft:oak_log":4,"minecraft:sand":26,"minecraft:dirt":119,"minecraft:raw_copper_block":1,"create:crimsite":6,"minecraft:oak_leaves":22,"minecraft:red_carpet":3,"minecraft:tuff":15,"minecraft:deepslate_diamond_ore":3,"minecraft:candle":2,"born_in_chaos_v1:infected_diamond_ore":9,"minecraft:glow_lichen":1,"supplementaries:present_black":1,"epicsamurai:deepslate_ruby_ore":21,"iter_rpg:ametrine_ore":2,"brazier:living_torch":1,"minecraft:brown_mushroom_block":8,"iter_rpg:big_vase":4,"minecraft:large_fern":2,"minecraft:hay_block":38,"born_in_chaos_v1:black_argillite_column":12,"iter_rpg:small_vase":6,"treechop:chopped_log":18,"supplementaries:bellows":2,"minecraft:shroomlight":1,"supplementaries:sconce_soul":1,"minecraft:lantern":14,"minecraft:white_tulip":1,"minecraft:stone":362,"unusualprehistory:petrified_wood_log":5,"farmersdelight:cooking_pot":1,"minecraft:podzol":2,"environmental:pinecone":1,"born_in_chaos_v1:marigolds":1,"minecraft:stripped_dark_oak_log":1,"born_in_chaos_v1:chipped_black_argillite_brick":3,"minecraft:lapis_ore":1,"minecraft:lily_pad":1,"minecraft:birch_planks":2,"minecraft:cactus":1,"minecraft:black_wall_banner":1,"iter_rpg:deepslate_ametrine_ore":6,"brazier:brazier":2,"minecraft:bee_nest":1,"minecraft:yellow_bed":3,"minecraft:coal_ore":55,"iter_rpg:spider_egg":3,"minecraft:cocoa":7,"minecraft:flower_pot":2,"minecraft:cracked_stone_bricks":2,"minecraft:stripped_acacia_wood":1,"minecraft:mossy_stone_bricks":4},"minecraft:picked_up":{"quark:diamond_heart":3,"born_in_chaos_v1:charmof_stealth":2,"minecraft:iron_chestplate":1,"minecraft:chainmail_boots":1,"minecraft:flower_pot":11,"minecraft:anvil":3,"minecraft:prismarine_shard":5,"minecraft:magenta_carpet":8,"minecraft:diamond_sword":2,"nourished_nether:hoglin_hide":11,"minecraft:amethyst_block":32,"minecraft:string":66,"create:limestone":16,"atmospheric:aspen_log":19,"minecraft:shroomlight":1,"minecraft:gold_nugget":17,"minecraft:cobbled_deepslate":149,"bosses_of_mass_destruction:soul_star":4,"born_in_chaos_v1:charmof_power":1,"crittersandcompanions:koi_fish":1,"minecraft:melon_slice":450,"minecraft:mangrove_log":2,"minecraft:beehive":3,"minecraft:big_dripleaf":2,"minecraft:acacia_log":5,"create:andesite_casing":1,"alexsmobs:centipede_leg":13,"minecraft:brown_carpet":3,"iter_rpg:voidquartz_shard":5,"unusualprehistory:petrified_planks":2,"born_in_chaos_v1:fried_maggot":2,"minecraft:light_gray_bed":4,"minecraft:tropical_fish":24,"create:scoria":10,"quark:bamboo_block":1,"minecraft:red_tulip":2,"minecraft:iron_block":1,"iter_rpg:gobsteel_scrap":1,"minecraft:white_terracotta":5,"born_in_chaos_v1:cultivated_pumpkin":3,"supplementaries:ash":11,"minecraft:iron_bars":15,"minecraft:birch_log":6,"minecraft:magma_block":2,"minecraft:feather":16,"minecraft:cooked_beef":1,"minecraft:jungle_log":831,"conjurer_illager:conjurer_hat":1,"minecraft:jungle_wood":1,"atmospheric:laurel_log":9,"minecraft:flint":1,"born_in_chaos_v1:black_argillite_button":2,"farmersdelight:tomato":71,"minecraft:lantern":21,"born_in_chaos_v1:marigolds":2,"minecraft:chipped_anvil":1,"minecraft:stonecutter":1,"delightful:mini_melon":1,"create:mechanical_drill":3,"iter_rpg:water_fragment":4,"minecraft:glowstone_dust":13,"galosphere:raw_silver":11,"minecraft:moss_block":24,"quark:cactus_block":5,"ecologics:prickly_pear":5,"aquaculture:worm":88,"unusualprehistory:petrified_wood_log":5,"minecraft:stripped_acacia_wood":1,"table_top_craft:jungle_connect_four":1,"minecraft:dark_oak_log":1,"quark:birch_ladder":3,"minecraft:bundle":2,"create:crimsite":6,"naturalist:antler":1,"supplementaries:bamboo_spikes":10,"minecraft:deepslate":2,"minecraft:granite":16,"minecraft:bread":11,"epicsamurai:ruby":29,"minecraft:coarse_dirt":5,"minecraft:sandstone_slab":2,"minecraft:clay_ball":96,"minecraft:leather_leggings":3,"born_in_chaos_v1:serpumpkinhead_m":1,"born_in_chaos_v1:charmof_resistance":2,"ecologics:seashell":1,"friendsandfoes:totem_of_illusion":2,"minecraft:infested_cobblestone":27,"conjurer_illager:throwing_card":15,"born_in_chaos_v1:black_argillite_column":12,"epicsamurai:jade":27,"born_in_chaos_v1:intoxicating_decoction":2,"atmospheric:aspen_chest":1,"minecraft:iron_shovel":1,"simplehats:bandana":1,"minecraft:cracked_stone_bricks":2,"iter_rpg:ametrine_shard":19,"iter_rpg:coin":2,"minecraft:beef":15,"quark:permafrost":5,"aquaculture:diamond_fishing_rod":1,"minecraft:jungle_sapling":26,"minecraft:iron_nugget":11,"minecraft:poppy":11,"minecraft:diamond_hoe":1,"minecraft:egg":435,"minecraft:stone":5,"farmersdelight:minced_beef":3,"nourished_nether:raw_hoglin":54,"minecraft:spruce_fence":1,"minecraft:fire_charge":4,"born_in_chaos_v1:pieceofdarkmetal":23,"minecraft:carrot":2,"minecraft:redstone":19,"minecraft:prismarine_crystals":23,"born_in_chaos_v1:wood_splitter_axe":2,"minecraft:hay_block":38,"supplementaries:sconce_soul":1,"quark:indigo_corundum_cluster":1,"minecraft:gold_ingot":8,"minecraft:totem_of_undying":6,"minecraft:glow_berries":12,"minecraft:white_wool":1,"minecraft:rail":1,"minecraft:stripped_oak_log":1,"aquaculture:tackle_box":2,"born_in_chaos_v1:pumpkin_staff":2,"minecraft:tripwire_hook":2,"born_in_chaos_v1:monster_flesh":1,"minecraft:jungle_fence":13,"majruszsdifficulty:tattered_helmet":3,"minecraft:red_mushroom":81,"minecraft:filled_map":1,"majruszsdifficulty:cloth":47,"supplementaries:rope_arrow":1,"minecraft:oak_log":25,"minecraft:lily_pad":1,"quark:paper_wall_sakura":15,"minecraft:golden_boots":1,"naturalist:cooked_egg":10,"weavers_cosmetics:thieves_hood_helmet":1,"minecraft:paper":1,"brazier:brazier":2,"quark:ravager_hide":3,"born_in_chaos_v1:soul_cutlass":3,"minecraft:apple":2,"minecraft:stone_bricks":7,"farmersdelight:cooking_pot":1,"majruszsdifficulty:tattered_leggings":3,"alexsmobs:cockroach_wing_fragment":1,"supplementaries:bellows":1,"minecraft:spore_blossom":3,"quark:glow_shroom":1,"minecraft:stone_pickaxe":1,"minecraft:iron_ore":27,"minecraft:glass_bottle":3,"minecraft:iron_sword":4,"create:mechanical_saw":5,"minecraft:smooth_basalt":2,"born_in_chaos_v1:ethereal_spirit":15,"minecraft:gravel":7,"minecraft:spruce_log":2,"minecraft:coal_ore":1,"tetra:geode":3,"create:mechanical_pump":2,"create:rose_quartz":1,"minecraft:baked_potato":8,"minecraft:stripped_dark_oak_log":1,"minecraft:ender_pearl":9,"atmospheric:aspen_sapling":4,"minecraft:potion":2,"bakery:strawberry_seeds":61,"minecraft:stone_brick_stairs":1,"minecraft:sticky_piston":2,"minecraft:sea_pickle":1,"minecraft:red_sand":11,"minecraft:tnt_minecart":2,"alexsmobs:banana":5,"minecraft:bucket":3,"minecraft:white_tulip":2,"minecraft:ender_eye":5,"minecraft:calcite":14,"minecraft:azalea":2,"quark:black_shard":3,"minecraft:iron_pickaxe":1,"born_in_chaos_v1:smoldering_scorched_log":1,"minecraft:iron_boots":2,"alexsmobs:banana_peel":8,"alexsmobs:leafcutter_ant_chamber":19,"minecraft:tipped_arrow":11,"minecraft:stick":72,"create:dough":15,"farmersdelight:rotten_tomato":7,"minecraft:torch":27,"conjurer_illager:throwable_ball":3,"minecraft:pointed_dripstone":38,"minecraft:diorite":47,"infernalexp:raw_hogchop":20,"minecraft:vine":45,"supplementaries:flax":22,"mutantmonsters:hulk_hammer":1,"minecraft:cactus":8,"minecraft:rotten_flesh":198,"minecraft:cobblestone":389,"minecraft:magma_cream":1,"minecraft:andesite":1567,"minecraft:golden_leggings":1,"minecraft:potato":1,"simplehats:tophat":1,"minecraft:tuff":15,"create:raw_zinc":47,"supplementaries:flax_seeds":55,"artifacts:flame_pendant":1,"minecraft:lapis_lazuli":12,"minecraft:dirt":412,"born_in_chaos_v1:monster_skin":1,"minecraft:leather_boots":1,"minecraft:bone":205,"dungeons_mobs:gold_vindicator_helmet":1,"minecraft:green_candle":3,"minecraft:wheat_seeds":43,"minecraft:bow":2,"minecraft:orange_tulip":2,"iter_rpg:reef_stone":3,"minecraft:raw_gold":1,"minecraft:grindstone":1,"minecraft:mossy_stone_bricks":4,"minecraft:bamboo":34,"iter_rpg:seashell":8,"minecraft:music_disc_13":1,"iter_rpg:spider_silk":2,"simplehats:shroomcap":1,"minecraft:axolotl_bucket":1,"minecraft:sand":27,"minecraft:jungle_planks":87,"minecraft:grass_block":1,"minecraft:jungle_slab":230,"iter_rpg:earth_fragment":2,"minecraft:mossy_cobblestone":1,"minecraft:dark_prismarine":1,"minecraft:jungle_leaves":231,"environmental:venison":2,"minecraft:light_gray_terracotta":2,"minecraft:sugar":6,"minecraft:yellow_carpet":9,"artifacts:golden_hook":1,"born_in_chaos_v1:fire_dust":6,"minecraft:diamond":4,"minecraft:crossbow":1,"minecraft:bone_meal":1,"supplementaries:copper_lantern":1,"minecraft:emerald":14,"alexsmobs:banana_slug_slime":2,"minecraft:oak_sapling":3,"create:cyan_toolbox":1,"iter_rpg:spawner_fragment":2,"minecraft:cocoa_beans":24,"majruszsdifficulty:tattered_boots":4,"environmental:red_lotus_flower":2,"minecraft:charcoal":4,"born_in_chaos_v1:diamond_termite_shard":14,"minecraft:allium":5,"born_in_chaos_v1:river_mint":1,"minecraft:chicken":19,"minecraft:ladder":1,"iter_rpg:whetstone":8,"minecraft:brown_mushroom":40,"minecraft:gold_block":2,"minecraft:chain":1,"minecraft:moss_carpet":1,"minecraft:iron_axe":1,"artifacts:feral_claws":1,"create:chute":1,"minecraft:blackstone":3,"quark:indigo_corundum":1,"supplementaries:present_black":1,"minecraft:candle":2,"minecraft:player_head":2,"minecraft:sugar_cane":26,"minecraft:raw_iron":39,"ecologics:coconut_slice":5,"minecraft:bowl":4,"create:hand_crank":3,"alexsmobs:leafcutter_ant_pupa":4,"minecraft:arrow":142,"atmospheric:flowering_morado_leaves":1,"minecraft:pink_tulip":3,"minecraft:saddle":3,"minecraft:black_banner":1,"born_in_chaos_v1:trident_hayfork":1,"minecraft:skeleton_skull":1,"born_in_chaos_v1:fused_bone":17,"born_in_chaos_v1:corpse_maggot":48,"minecraft:jungle_boat":1,"minecraft:glow_ink_sac":3,"table_top_craft:chess_piece_figure":24,"minecraft:cut_sandstone":2,"minecraft:leather":9,"minecraft:birch_planks":2,"dungeons_mobs:mage_chestplate":1,"minecraft:yellow_bed":3,"minecraft:gunpowder":56,"artifacts:cloud_in_a_bottle":1,"minecraft:wooden_hoe":1,"atmospheric:orange":4,"quark:forgotten_hat":1,"minecraft:smooth_sandstone":2,"minecraft:red_carpet":5,"meetyourfight:mossy_tooth":1,"atmospheric:morado_leaves":1,"minecraft:red_sandstone":1,"minecraft:acacia_trapdoor":1,"iter_rpg:potsherd":7,"minecraft:iron_ingot":61,"born_in_chaos_v1:chipped_black_argillite_brick":2,"minecraft:acacia_sapling":1,"bakery:strawberry":48,"minecraft:warped_fungus":1,"minecraft:pumpkin":21,"quark:jungle_vertical_slab":19,"minecraft:dandelion":3,"aquaculture:piranha":2,"brazier:living_torch":15,"minecraft:amethyst_shard":6,"artifacts:scarf_of_invisibility":1,"minecraft:spruce_door":1,"minecraft:spider_eye":24,"create:wheat_flour":178,"minecraft:stripped_jungle_log":2,"minecraft:campfire":1,"environmental:pinecone":1,"minecraft:damaged_anvil":1,"majruszsdifficulty:tattered_chestplate":2,"minecraft:coal":67},"minecraft:custom":{"minecraft:interact_with_crafting_table":161,"minecraft:open_barrel":63,"minecraft:bell_ring":11,"minecraft:leave_game":24,"minecraft:time_since_death":27790,"minecraft:damage_blocked_by_shield":160,"minecraft:play_time":2013074,"minecraft:deaths":255,"minecraft:jump":25009,"minecraft:interact_with_furnace":46,"minecraft:play_record":1,"minecraft:sleep_in_bed":58,"minecraft:waystone_activated":11,"minecraft:damage_dealt":180781,"minecraft:inspect_dispenser":6,"minecraft:inspect_dropper":4,"minecraft:interact_with_anvil":14,"minecraft:inspect_hopper":1,"minecraft:damage_dealt_absorbed":320,"minecraft:sneak_time":57595,"minecraft:interact_with_lectern":1,"minecraft:total_world_time":2013538,"enigmaticlegacy:play_time_without_seven_curses":1999522,"minecraft:tune_noteblock":6,"minecraft:time_since_rest":3931,"minecraft:swim_one_cm":208319,"minecraft:fly_one_cm":7274212,"minecraft:open_chest":1015,"minecraft:fish_caught":1,"minecraft:fall_one_cm":1217321,"enigmaticlegacy:play_time_with_seven_curses":0,"lootr:looted_stat":225,"minecraft:sprint_one_cm":4653193,"minecraft:drop":296,"minecraft:talked_to_villager":34,"minecraft:interact_with_brewingstand":1,"minecraft:walk_on_water_one_cm":346912,"minecraft:open_enderchest":32,"minecraft:player_kills":1,"minecraft:crouch_one_cm":83459,"minecraft:mob_kills":957,"minecraft:interact_with_campfire":2,"minecraft:damage_dealt_resisted":2136,"minecraft:climb_one_cm":572740,"minecraft:walk_one_cm":4935540,"minecraft:walk_under_water_one_cm":105688,"minecraft:boat_one_cm":346,"minecraft:damage_taken":111931,"minecraft:damage_absorbed":80},"minecraft:dropped":{"minecraft:iron_sword":4,"quark:permafrost":5,"minecraft:cooked_beef":1,"minecraft:glow_berries":1,"meetyourfight:mossy_tooth":1,"minecraft:red_carpet":2,"minecraft:dirt":25,"minecraft:jungle_sapling":3,"minecraft:gold_nugget":3,"minecraft:iron_pickaxe":2,"minecraft:bone":13,"alexsmobs:sopa_de_macaco":2,"majruszsdifficulty:cloth":1,"minecraft:sugar_cane":10,"minecraft:iron_nugget":2,"minecraft:rotten_flesh":35,"minecraft:jungle_log":44,"minecraft:leather_leggings":2,"minecraft:beef":4,"minecraft:egg":2,"minecraft:enchanted_book":1,"minecraft:iron_ingot":13,"create:rose_quartz":1,"minecraft:wheat_seeds":15,"supplementaries:bamboo_spikes":1,"minecraft:feather":3,"minecraft:apple":1,"minecraft:stripped_jungle_log":1,"born_in_chaos_v1:soul_cutlass":2,"create:andesite_casing":1,"minecraft:paper":1,"minecraft:string":10,"create:mechanical_drill":3,"minecraft:lily_pad":1,"atmospheric:aspen_sapling":4,"minecraft:stone_sword":1,"minecraft:bowl":5,"minecraft:iron_boots":2,"artifacts:golden_hook":1,"minecraft:diamond_sword":2,"minecraft:shroomlight":1,"create:hand_crank":1,"minecraft:spider_eye":1,"minecraft:red_sand":10,"minecraft:bow":1,"quark:glow_shroom":1,"minecraft:oak_log":6,"minecraft:jungle_planks":27,"atmospheric:flowering_morado_leaves":1,"quark:ravager_hide":2,"mutantmore:compound_z":1,"supplementaries:ash":2,"minecraft:gunpowder":34,"minecraft:melon_seeds":25,"born_in_chaos_v1:corpse_maggot":8,"create:wheat_flour":409,"minecraft:arrow":5,"alexsmobs:banana":1,"minecraft:bread":11,"born_in_chaos_v1:wood_splitter_axe":1,"minecraft:vine":1,"iter_rpg:water_fragment":2,"create:mechanical_saw":2,"conjurer_illager:conjurer_hat":1,"minecraft:stick":31,"iter_rpg:whetstone":3,"born_in_chaos_v1:pumpkin_staff":1,"aquaculture:diamond_fishing_rod":1,"minecraft:diorite":2,"quark:indigo_corundum_cluster":1,"weavers_cosmetics:thieves_hood_helmet":2,"born_in_chaos_v1:fused_bone":1,"minecraft:jungle_leaves":1,"minecraft:cactus":1,"minecraft:bucket":1,"born_in_chaos_v1:smoldering_scorched_log":1,"minecraft:filled_map":1,"minecraft:andesite":1039,"minecraft:oak_sapling":1,"quark:diamond_heart":1},"minecraft:killed_by":{"creeperoverhaul:bamboo_creeper":1,"minecraft:piglin_brute":4,"endermanoverhaul:cave_enderman":2,"dungeons_mobs:jungle_zombie":1,"minecraft:ravager":12,"mutantmonsters:mutant_creeper":8,"dungeons_mobs:leapleaf":2,"dungeons_mobs:mossy_skeleton":8,"minecraft:vindicator":3,"alexsmobs:rhinoceros":1,"born_in_chaos_v1:siamese_skeletons":1,"minecraft:zombie":7,"majruszsdifficulty:cursed_armor":1,"minecraft:vex":11,"rottencreatures:undead_miner":1,"minecraft:husk":4,"minecraft:stray":2,"mutantmonsters:mutant_enderman":2,"dungeons_mobs:geomancer_bomb":5,"dungeons_mobs:mountaineer":1,"dungeons_mobs:illusioner":1,"dungeons_mobs:redstone_golem":4,"alexsmobs:tiger":2,"dungeons_mobs:whisperer":1,"alexsmobs:centipede_head":12,"mutantmonsters:mutant_skeleton":4,"iter_rpg:water_elemental":1,"mutantmonsters:mutant_zombie":2,"minecraft:creeper":1,"born_in_chaos_v1:zombie_bruiser":7,"quark:forgotten":2,"creeperoverhaul:cave_creeper":2,"alexsmobs:crocodile":1,"meetyourfight:swampjaw":45,"artifacts:mimic":2,"dungeons_mobs:necromancer":2,"creeperoverhaul:jungle_creeper":4,"minecraft:player":3,"minecraft:spider":3,"minecraft:enderman":1,"minecraft:iron_golem":1,"dungeons_mobs:royal_guard":2,"minecraft:hoglin":7,"born_in_chaos_v1:sir_pumpkinhead":1,"iter_rpg:goblin_warrior":2,"minecraft:skeleton":29,"born_in_chaos_v1:missioner":14,"born_in_chaos_v1:door_knight":1,"dungeons_mobs:poison_quill_vine":2},"minecraft:crafted":{"alexsmobs:animal_dictionary":1,"paraglider:deku_leaf":1,"minecraft:iron_bars":16,"minecraft:glass":4,"minecraft:melon_seeds":25,"minecraft:flower_pot":3,"minecraft:wooden_shovel":1,"nourished_nether:cooked_hoglin":46,"quark:diamond_heart":4,"minecraft:campfire":2,"minecraft:wooden_hoe":1,"minecraft:iron_pickaxe":1,"minecraft:iron_block":28,"minecraft:stone_shovel":1,"woodworks:jungle_chest":8,"woodworks:jungle_boards":3,"minecraft:bone_meal":60,"meetyourfight:fossil_bait":1,"minecraft:stone_pickaxe":3,"minecraft:jungle_fence":339,"endrem:lost_eye":1,"iter_rpg:stinger":1,"minecraft:wheat":288,"aquaculture:diamond_fishing_rod":1,"farmersdelight:cooking_pot":1,"weavers_cosmetics:links_hat_helmet":1,"minecraft:jungle_slab":948,"minecraft:iron_shovel":2,"quark:glow_shroom":2,"atmospheric:aspen_planks":76,"bakery:strawberry_seeds":26,"table_top_craft:jungle_connect_four":1,"minecraft:brick":67,"minecraft:oak_planks":20,"iter_rpg:gobsteel_javelin":2,"supplementaries:bellows":1,"minecraft:green_dye":4,"minecraft:bricks":4,"farmersdelight:stove":1,"brazier:brazier":1,"farmersdelight:tomato_seeds":1,"supplementaries:rope_arrow":6,"sophisticatedbackpacks:backpack":1,"minecraft:crafting_table":10,"aquaculture:tackle_box":1,"minecraft:wooden_pickaxe":1,"supplementaries:rope":9,"majruszsdifficulty:undead_battle_standard":1,"sophisticatedbackpacks:upgrade_base":2,"farmersdelight:jungle_cabinet":1,"minecraft:emerald_block":2,"minecraft:shield":1,"minecraft:stick":324,"minecraft:iron_ingot":8,"minecraft:stone_sword":1,"minecraft:shears":3,"minecraft:fishing_rod":1,"minecraft:furnace":1,"minecraft:jungle_trapdoor":2,"minecraft:flint_and_steel":1,"quark:jungle_vertical_slab":3,"minecraft:leather":22,"minecraft:iron_axe":2,"alexsmobs:sopa_de_macaco":8,"sophisticatedbackpacks:iron_backpack":1,"quark:backpack":1,"farmersdelight:glow_berry_custard":1,"minecraft:iron_sword":2,"minecraft:bowl":12,"minecraft:bucket":1,"unusualprehistory:petrified_planks":12,"minecraft:bread":160,"minecraft:air":0,"atmospheric:aspen_chest":3,"minecraft:jungle_planks":1508,"endrem:rogue_eye":1,"minecraft:torch":20},"minecraft:used":{"brazier:living_torch":25,"quark:bamboo_block":1,"minecraft:poppy":3,"lootr:trophy":1,"minecraft:jungle_slab":905,"minecraft:allium":1,"alexsmobs:potted_flutter":1,"minecraft:jungle_sapling":2,"born_in_chaos_v1:smoked_flesh":1,"minecraft:lava_bucket":2,"friendsandfoes:totem_of_illusion":1,"minecraft:rabbit_stew":2,"supplementaries:bomb_blue":2,"minecraft:furnace":3,"minecraft:egg":50,"minecraft:damaged_anvil":1,"minecraft:orange_tulip":1,"minecraft:wooden_pickaxe":46,"minecraft:jungle_boat":1,"minecraft:cookie":10,"minecraft:golden_apple":5,"minecraft:sand":23,"supplementaries:bellows":2,"woodworks:jungle_chest":8,"nourished_nether:cooked_hoglin":46,"supplementaries:flax_seeds":42,"minecraft:green_candle":3,"minecraft:diamond_sword":2023,"majruszsdifficulty:undead_battle_standard":1,"alexsmobs:banana_peel":8,"minecraft:stone_sword":349,"born_in_chaos_v1:fried_maggot":1,"minecraft:stick":1,"minecraft:torch":25,"minecraft:anvil":1,"brewinandchewin:glittering_grenadine":1,"environmental:red_lotus_flower":1,"minecraft:chipped_anvil":1,"minecraft:iron_block":1,"minecraft:iron_axe":528,"minecraft:jungle_log":4,"minecraft:barrel":1,"farmersdelight:cooking_pot":2,"farmersdelight:tomato_seeds":47,"minecraft:cobbled_deepslate":3,"minecraft:pointed_dripstone":2,"minecraft:water_bucket":22,"supplementaries:present_black":1,"born_in_chaos_v1:serpumpkinhead_m":1,"atmospheric:orange":2,"minecraft:mossy_cobblestone":1,"minecraft:crafting_table":10,"minecraft:vine":27,"minecraft:campfire":3,"supplementaries:enderman_head":1,"quark:paper_wall_sakura":15,"environmental:pinecone":1,"minecraft:dark_prismarine":51,"atmospheric:aspen_chest":3,"majruszsdifficulty:undead_army_treasure_bag":1,"born_in_chaos_v1:black_argillite_column":4,"minecraft:iron_pickaxe":1436,"unusualprehistory:petrified_wood_log":2,"minecraft:cobblestone":54,"minecraft:dandelion":1,"minecraft:red_sand":1,"minecraft:iron_shovel":288,"minecraft:diamond_hoe":155,"minecraft:shield":3,"farmersdelight:stove":1,"minecraft:white_terracotta":3,"minecraft:iron_sword":932,"minecraft:player_head":1,"minecraft:jungle_planks":156,"minecraft:carrot":3,"ecologics:prickly_pear":2,"minecraft:axolotl_bucket":7,"minecraft:obsidian":10,"born_in_chaos_v1:corpse_maggot":1,"minecraft:lantern":20,"aquaculture:diamond_fishing_rod":1,"minecraft:stone_bricks":3,"minecraft:magma_block":2,"netherdepthsupgrade:grilled_glowdine":2,"minecraft:skeleton_skull":1,"table_top_craft:chess_piece_figure":37,"naturalist:cooked_egg":10,"minecraft:stone_pickaxe":214,"minecraft:jungle_fence":335,"minecraft:diamond_axe":204,"minecraft:sugar_cane":16,"minecraft:mushroom_stew":5,"minecraft:crossbow":26,"minecraft:shears":252,"waystones:waystone":1,"minecraft:melon_slice":472,"minecraft:bread":298,"minecraft:string":5,"aquaculture:worm_farm":1,"born_in_chaos_v1:marigolds":1,"minecraft:deepslate":1,"minecraft:gravel":2,"ecologics:coconut_slice":2,"create:cyan_toolbox":2,"minecraft:grindstone":1,"minecraft:andesite":15,"minecraft:coarse_dirt":3,"minecraft:bone_meal":50,"unusualprehistory:petrified_planks":14,"minecraft:experience_bottle":2,"minecraft:jungle_leaves":228,"minecraft:white_tulip":1,"minecraft:flint_and_steel":2,"minecraft:stone_shovel":85,"meetyourfight:fossil_bait":1,"minecraft:dirt":247,"supplementaries:sconce_soul":1,"minecraft:red_tulip":1,"create:brown_toolbox":1,"nourished_nether:raw_hoglin":8,"minecraft:golden_carrot":42,"bakery:strawberry_seeds":69,"alexsmobs:banana":3,"minecraft:cooked_beef":6,"minecraft:light_gray_bed":4,"minecraft:iron_leggings":1,"minecraft:cooked_mutton":11,"aquaculture:tackle_box":2,"minecraft:pink_tulip":1,"minecraft:baked_potato":31,"minecraft:cut_sandstone":1,"minecraft:stonecutter":1,"bakery:strawberry":13,"born_in_chaos_v1:cultivated_pumpkin":5,"brazier:brazier":2,"table_top_craft:jungle_connect_four":2,"minecraft:flower_pot":3,"minecraft:wooden_hoe":48,"minecraft:apple":4,"minecraft:chicken":1,"farmersdelight:jungle_cabinet":1,"quark:jungle_vertical_slab":19,"minecraft:bucket":31,"born_in_chaos_v1:wood_splitter_axe":165,"minecraft:yellow_bed":3,"alexsmobs:animal_dictionary":2},"minecraft:killed":{"dungeons_mobs:redstone_golem":1,"born_in_chaos_v1:mr_pumpkin":3,"aquaculture:red_grouper":1,"born_in_chaos_v1:restless_spirit":5,"born_in_chaos_v1:zombie_lumberjack":13,"born_in_chaos_v1:sir_the_headless":1,"dungeons_mobs:mountaineer":1,"born_in_chaos_v1:siamese_skeletonsright":11,"minecraft:zombie_horse":2,"conjurer_illager:conjurer":1,"minecraft:skeleton":108,"dungeons_mobs:mage":1,"minecraft:fox":1,"alexsmobs:leafcutter_ant":6,"alexsmobs:capuchin_monkey":1,"minecraft:chicken":17,"creeperoverhaul:jungle_creeper":3,"majruszsdifficulty:creeperling":4,"creeperoverhaul:cave_creeper":2,"alexsmobs:centipede_head":12,"minecraft:tropical_fish":27,"dungeons_mobs:geomancer":3,"meetyourfight:swampjaw":1,"naturalist:dragonfly":1,"dungeons_mobs:wraith":7,"born_in_chaos_v1:dread_hound_not_despawn":1,"minecraft:pillager":13,"alexsmobs:flutter":2,"minecraft:zombie":90,"born_in_chaos_v1:corpse_fly":16,"born_in_chaos_v1:door_knight":1,"minecraft:cow":4,"minecraft:evoker":4,"minecraft:vindicator":10,"born_in_chaos_v1:pumpkinhead":1,"naturalist:coral_snake":1,"naturalist:deer":1,"rottencreatures:undead_miner":9,"iter_rpg:water_elemental":1,"alexsmobs:guster":1,"minecraft:husk":44,"minecraft:rabbit":5,"minecraft:ravager":2,"iter_rpg:blob":2,"born_in_chaos_v1:decrepit_skeleton":1,"dungeons_mobs:squall_golem":2,"mutantmonsters:creeper_minion":6,"endermanoverhaul:cave_enderman":5,"iter_rpg:goblin_warrior":3,"minecraft:enderman":6,"iter_rpg:goblin":1,"dungeons_mobs:quick_growing_vine":5,"minecraft:zombified_piglin":1,"minecraft:witch":8,"rottencreatures:burned":1,"dungeons_mobs:royal_guard":1,"minecraft:spider":59,"crittersandcompanions:leaf_insect":1,"iter_rpg:forest_vines":8,"dungeons_mobs:leapleaf":1,"quark:forgotten":1,"creeperoverhaul:bamboo_creeper":36,"alexsmobs:banana_slug":1,"minecraft:silverfish":9,"minecraft:illusioner":2,"minecraft:piglin_brute":16,"born_in_chaos_v1:firelight_not_despawn":2,"artifacts:mimic":3,"minecraft:piglin":5,"minecraft:pig":1,"quark:stoneling":3,"minecraft:zombie_villager":14,"born_in_chaos_v1:diamond_termite":17,"iter_rpg:spiderling":19,"minecraft:creeper":6,"dungeons_mobs:jungle_zombie":13,"minecraft:stray":6,"environmental:tapir":1,"dungeons_mobs:poison_quill_vine":2,"born_in_chaos_v1:siamese_skeletonsleft":12,"minecraft:vex":7,"born_in_chaos_v1:missioner":3,"dungeons_mobs:mossy_skeleton":8,"born_in_chaos_v1:zombie_clown_not_despawn":1,"alexsmobs:rattlesnake":1,"born_in_chaos_v1:zombie_bruiser":9,"born_in_chaos_v1:maggot":85,"born_in_chaos_v1:baby_skeleton":5,"born_in_chaos_v1:swarmer":2,"naturalist:butterfly":1,"minecraft:hoglin":26,"dungeons_mobs:whisperer":7,"alexsmobs:cockroach":4,"ecologics:squirrel":1,"dungeons_mobs:sunken_skeleton":3,"rottencreatures:skeleton_lackey":3,"dungeons_mobs:necromancer":1,"iter_rpg:earth_elemental":2,"iter_rpg:scallop":3}},"DataVersion":3120}