{
  "comforts:sleeping_bag_light_gray": {
    "criteria": {
      "has_the_recipe": "2024-09-25 03:44:47 +0000"
    },
    "done": true
  },
  "tetra:spelunking/find_scroll": {
    "criteria": {
      "find": "2024-09-30 04:08:21 +0000"
    },
    "done": true
  },
  "create:hand_crank_000": {
    "criteria": {
      "0": "2024-10-04 21:58:01 +0000"
    },
    "done": true
  },
  "create:wrench_goggles": {
    "criteria": {
      "0": "2024-09-30 20:06:40 +0000",
      "1": "2024-09-30 20:07:52 +0000"
    },
    "done": true
  },
  "comforts:hammock_cyan_from_white": {
    "criteria": {
      "has_the_recipe": "2024-09-25 03:44:47 +0000"
    },
    "done": true
  },
  "comforts:hammock_black": {
    "criteria": {
      "has_the_recipe": "2024-09-25 03:44:47 +0000"
    },
    "done": true
  },
  "comforts:sleeping_bag_light_blue": {
    "criteria": {
      "has_the_recipe": "2024-09-25 03:44:47 +0000"
    },
    "done": true
  },
  "comforts:sleeping_bag_lime": {
    "criteria": {
      "has_the_recipe": "2024-09-25 03:44:47 +0000"
    },
    "done": true
  },
  "enigmaticlegacy:recipes/generic/magnet_ring": {
    "criteria": {
      "has_items": "2024-09-30 04:05:12 +0000"
    },
    "done": false
  },
  "naturescompass:natures_compass": {
    "criteria": {
      "has_compass": "2024-09-25 03:44:47 +0000"
    },
    "done": true
  },
  "tetra:scrolls/find_scroll_mace": {
    "criteria": {
      "find": "2024-09-30 04:08:21 +0000"
    },
    "done": true
  },
  "comforts:sleeping_bag_lime_from_white": {
    "criteria": {
      "has_the_recipe": "2024-09-25 03:44:47 +0000"
    },
    "done": true
  },
  "minecraft:nether/root": {
    "criteria": {
      "entered_nether": "2024-10-04 04:40:54 +0000"
    },
    "done": true
  },
  "create:mechanical_mixer": {
    "criteria": {
      "0": "2024-09-30 20:53:28 +0000"
    },
    "done": true
  },
  "create:mechanical_press": {
    "criteria": {
      "0": "2024-09-30 20:05:58 +0000"
    },
    "done": true
  },
  "enigmaticlegacy:recipes/generic/the_acknowledgment": {
    "criteria": {
      "has_iron_ingot": "2024-09-25 03:44:47 +0000"
    },
    "done": true
  },
  "conjurer_illager:find_theatre": {
    "criteria": {
      "in_theater": "2024-09-30 06:54:33 +0000"
    },
    "done": true
  },
  "comforts:sleeping_bag_black": {
    "criteria": {
      "has_the_recipe": "2024-09-25 03:44:47 +0000"
    },
    "done": true
  },
  "enigmaticlegacy:recipes/generic/iron_ring": {
    "criteria": {
      "has_iron_ingot": "2024-09-25 04:13:12 +0000"
    },
    "done": true
  },
  "minecraft:story/shiny_gear": {
    "criteria": {
      "diamond_chestplate": "2024-09-30 06:31:57 +0000"
    },
    "done": true
  },
  "tetra:scrolls/find_scroll_key_guard": {
    "criteria": {
      "find": "2024-09-30 06:37:19 +0000"
    },
    "done": true
  },
  "friendsandfoes:adventure/the_magicians": {
    "criteria": {
      "killed_evoker": "2024-10-01 08:02:48 +0000",
      "killed_illusioner": "2024-10-01 08:05:38 +0000"
    },
    "done": false
  },
  "majruszsdifficulty:recipes/misc/tattered_armor": {
    "criteria": {
      "has_cloth": "2024-09-30 07:50:28 +0000"
    },
    "done": true
  },
  "comforts:hammock_red_from_white": {
    "criteria": {
      "has_the_recipe": "2024-09-25 03:44:47 +0000"
    },
    "done": true
  },
  "dungeons_arise:find_bandit_village": {
    "criteria": {
      "location0": "2024-09-30 21:57:56 +0000"
    },
    "done": true
  },
  "tetra:spelunking/root": {
    "criteria": {
      "spelunking": "2024-10-02 00:22:56 +0000"
    },
    "done": true
  },
  "comforts:hammock_yellow": {
    "criteria": {
      "has_the_recipe": "2024-09-25 03:44:47 +0000"
    },
    "done": true
  },
  "mutantmore:nether/brew_mutation_potion": {
    "criteria": {
      "brew_mutation_potion": "2024-10-04 04:40:17 +0000"
    },
    "done": true
  },
  "enigmaticlegacy:recipes/generic/infernal_shield": {
    "criteria": {
      "has_parent_recipe": "2024-09-25 03:44:47 +0000"
    },
    "done": false
  },
  "lootr:1chest": {
    "criteria": {
      "opened_chest": "2024-09-25 03:47:40 +0000"
    },
    "done": true
  },
  "enigmaticlegacy:recipes/generic/heaven_scroll": {
    "criteria": {
      "has_parent_recipe": "2024-09-30 06:56:12 +0000"
    },
    "done": false
  },
  "lootr:1cart": {
    "criteria": {
      "opened_cart": "2024-10-02 01:02:39 +0000"
    },
    "done": true
  },
  "comforts:hammock_pink_from_white": {
    "criteria": {
      "has_the_recipe": "2024-09-25 03:44:47 +0000"
    },
    "done": true
  },
  "atmospheric:husbandry/find_orange": {
    "criteria": {
      "find_orange": "2024-10-04 05:21:10 +0000"
    },
    "done": true
  },
  "enigmaticlegacy:book/accessories/arcane_scrolls": {
    "criteria": {
      "has_the_recipe": "2024-09-30 06:56:12 +0000"
    },
    "done": true
  },
  "totw_modded:jungle_tower": {
    "criteria": {
      "jungle": "2024-10-01 05:56:09 +0000"
    },
    "done": true
  },
  "enigmaticlegacy:book/brewing/recall_potion": {
    "criteria": {
      "has_items": "2024-10-01 05:38:36 +0000"
    },
    "done": true
  },
  "mutantmonsters:root": {
    "criteria": {
      "killed_something": "2024-09-25 03:54:10 +0000"
    },
    "done": true
  },
  "comforts:hammock_purple": {
    "criteria": {
      "has_the_recipe": "2024-09-25 03:44:47 +0000"
    },
    "done": true
  },
  "minecraft:husbandry/balanced_diet": {
    "criteria": {
      "baked_potato": "2024-09-30 06:40:53 +0000",
      "cookie": "2024-09-30 04:25:18 +0000",
      "bread": "2024-09-30 06:33:30 +0000",
      "rotten_flesh": "2024-09-25 04:18:40 +0000",
      "melon_slice": "2024-09-25 03:46:11 +0000",
      "glow_berries": "2024-09-25 04:16:08 +0000",
      "atmospheric:orange": "2024-10-04 05:21:28 +0000"
    },
    "done": false
  },
  "create:brass": {
    "criteria": {
      "0": "2024-10-01 23:16:39 +0000"
    },
    "done": true
  },
  "create:mechanical_pump_0": {
    "criteria": {
      "0": "2024-10-02 03:16:25 +0000"
    },
    "done": true
  },
  "comforts:hammock_lime": {
    "criteria": {
      "has_the_recipe": "2024-09-25 03:44:47 +0000"
    },
    "done": true
  },
  "iter_rpg:iter_get_voidquartz": {
    "criteria": {
      "iter_get_voidquartz": "2024-10-02 00:29:19 +0000"
    },
    "done": true
  },
  "comforts:sleeping_bag_pink": {
    "criteria": {
      "has_the_recipe": "2024-09-25 03:44:47 +0000"
    },
    "done": true
  },
  "iter_rpg:iter_root": {
    "criteria": {
      "iter_root": "2024-09-25 03:44:47 +0000"
    },
    "done": true
  },
  "naturescompass:natures_compass_sapling": {
    "criteria": {
      "has_recipe": "2024-09-25 03:44:47 +0000"
    },
    "done": true
  },
  "comforts:sleeping_bag_light_blue_from_white": {
    "criteria": {
      "has_the_recipe": "2024-09-25 03:44:47 +0000"
    },
    "done": true
  },
  "create:burner": {
    "criteria": {
      "0": "2024-10-01 08:25:58 +0000"
    },
    "done": true
  },
  "environmental:adventure/obtain_explorer_gear": {
    "criteria": {
      "thief_hood": "2024-09-30 05:11:39 +0000"
    },
    "done": true
  },
  "create:precision_mechanism": {
    "criteria": {
      "0": "2024-10-02 02:44:38 +0000"
    },
    "done": true
  },
  "create:rose_quartz": {
    "criteria": {
      "0": "2024-09-30 21:46:00 +0000"
    },
    "done": true
  },
  "artifacts:chest_slayer": {
    "criteria": {
      "kill_mimic": "2024-10-04 22:36:30 +0000"
    },
    "done": true
  },
  "comforts:hammock_magenta": {
    "criteria": {
      "has_the_recipe": "2024-09-25 03:44:47 +0000"
    },
    "done": true
  },
  "enigmaticlegacy:recipes/generic/hunter_guidebook": {
    "criteria": {
      "has_items": "2024-09-30 19:35:16 +0000"
    },
    "done": true
  },
  "idas:idas_root": {
    "criteria": {
      "always": "2024-09-25 03:44:47 +0000"
    },
    "done": true
  },
  "mutantmonsters:you_da_bomby": {
    "criteria": {
      "tamed_creeper_minion": "2024-10-04 05:59:08 +0000"
    },
    "done": true
  },
  "comforts:sleeping_bag_red": {
    "criteria": {
      "has_the_recipe": "2024-09-25 03:44:47 +0000"
    },
    "done": true
  },
  "tetra:scrolls/find_scroll_dreadnought_stave": {
    "criteria": {
      "find": "2024-09-30 06:34:41 +0000"
    },
    "done": true
  },
  "minecraft:husbandry/bred_all_animals": {
    "criteria": {
      "minecraft:chicken": "2024-10-01 06:12:47 +0000"
    },
    "done": false
  },
  "minecraft:story/obtain_armor": {
    "criteria": {
      "iron_chestplate": "2024-09-30 04:04:50 +0000"
    },
    "done": true
  },
  "comforts:sleeping_bag_blue": {
    "criteria": {
      "has_the_recipe": "2024-09-25 03:44:47 +0000"
    },
    "done": true
  },
  "minecraft:story/mine_stone": {
    "criteria": {
      "get_stone": "2024-09-25 03:47:41 +0000"
    },
    "done": true
  },
  "friendsandfoes:misc/yellow_dye_from_buttercup": {
    "criteria": {
      "has_the_recipe": "2024-09-25 03:44:47 +0000"
    },
    "done": true
  },
  "enigmaticlegacy:book/brewing/haste_potion": {
    "criteria": {
      "has_items": "2024-09-30 21:43:30 +0000"
    },
    "done": true
  },
  "create:andesite_casing": {
    "criteria": {
      "0": "2024-09-30 19:52:24 +0000"
    },
    "done": true
  },
  "minecraft:adventure/sleep_in_bed": {
    "criteria": {
      "slept_in_bed": "2024-09-25 04:13:26 +0000"
    },
    "done": true
  },
  "enigmaticlegacy:recipes/generic/enchantment_transposer": {
    "criteria": {
      "has_items": "2024-09-30 02:40:14 +0000"
    },
    "done": true
  },
  "minecraft:story/lava_bucket": {
    "criteria": {
      "lava_bucket": "2024-09-26 19:42:13 +0000"
    },
    "done": true
  },
  "tetra:spelunking/find_scroll_sturdy": {
    "criteria": {
      "find": "2024-09-30 06:32:52 +0000"
    },
    "done": true
  },
  "iter_rpg:iter_arcane_flower": {
    "criteria": {
      "iter_arcane_flower": "2024-10-01 07:14:41 +0000"
    },
    "done": true
  },
  "comforts:sleeping_bag_orange": {
    "criteria": {
      "has_the_recipe": "2024-09-25 03:44:47 +0000"
    },
    "done": true
  },
  "minecraft:husbandry/root": {
    "criteria": {
      "consumed_item": "2024-09-25 03:46:11 +0000"
    },
    "done": true
  },
  "enigmaticlegacy:recipes/generic/thicc_scroll": {
    "criteria": {
      "has_items": "2024-09-30 06:56:12 +0000"
    },
    "done": true
  },
  "paraglider:paraglider": {
    "criteria": {
      "paraglider": "2024-09-30 06:53:06 +0000"
    },
    "done": true
  },
  "lootr:10loot": {
    "criteria": {
      "loot_stat": "2024-09-30 04:05:00 +0000"
    },
    "done": true
  },
  "create:shifting_gears": {
    "criteria": {
      "0": "2024-10-02 02:02:05 +0000"
    },
    "done": true
  },
  "mutantmonsters:hulk_smash": {
    "criteria": {
      "hammer_in_offhand": "2024-09-30 07:52:20 +0000",
      "hammer_in_mainhand": "2024-09-30 07:52:20 +0000"
    },
    "done": true
  },
  "minecraft:adventure/root": {
    "criteria": {
      "killed_something": "2024-09-25 03:54:10 +0000"
    },
    "done": true
  },
  "comforts:hammock_red": {
    "criteria": {
      "has_the_recipe": "2024-09-25 03:44:47 +0000"
    },
    "done": true
  },
  "lootr:social": {
    "criteria": {
      "opened_barrel": "2024-09-25 03:48:09 +0000",
      "opened_chest": "2024-09-25 03:47:40 +0000",
      "opened_cart": "2024-10-02 01:02:39 +0000"
    },
    "done": false
  },
  "iter_rpg:economy": {
    "criteria": {
      "economy": "2024-10-04 22:38:09 +0000"
    },
    "done": true
  },
  "farmersdelight:main/root": {
    "criteria": {
      "seeds": "2024-09-25 03:44:47 +0000"
    },
    "done": true
  },
  "comforts:hammock_black_from_white": {
    "criteria": {
      "has_the_recipe": "2024-09-25 03:44:47 +0000"
    },
    "done": true
  },
  "comforts:hammock_gray_from_white": {
    "criteria": {
      "has_the_recipe": "2024-09-25 03:44:47 +0000"
    },
    "done": true
  },
  "tetra:scrolls/root": {
    "criteria": {
      "find": "2024-09-30 04:08:21 +0000"
    },
    "done": true
  },
  "minecraft:adventure/kill_all_mobs": {
    "criteria": {
      "minecraft:pillager": "2024-09-26 21:08:37 +0000",
      "minecraft:skeleton": "2024-09-26 18:59:00 +0000",
      "minecraft:ravager": "2024-10-01 08:03:26 +0000",
      "minecraft:vindicator": "2024-10-01 07:20:11 +0000",
      "minecraft:spider": "2024-09-25 04:35:12 +0000",
      "minecraft:piglin_brute": "2024-09-30 07:32:21 +0000",
      "minecraft:creeper": "2024-10-04 05:32:17 +0000",
      "minecraft:evoker": "2024-10-01 08:02:48 +0000",
      "minecraft:zombified_piglin": "2024-10-02 04:26:40 +0000",
      "minecraft:witch": "2024-09-30 02:39:53 +0000",
      "minecraft:husk": "2024-10-01 05:01:34 +0000",
      "minecraft:piglin": "2024-09-30 07:32:36 +0000",
      "minecraft:silverfish": "2024-09-25 04:15:37 +0000",
      "minecraft:enderman": "2024-09-26 19:10:11 +0000",
      "minecraft:stray": "2024-10-01 05:01:21 +0000",
      "minecraft:vex": "2024-09-30 07:19:48 +0000",
      "minecraft:zombie": "2024-09-25 05:06:30 +0000",
      "minecraft:zombie_villager": "2024-09-30 05:55:40 +0000"
    },
    "done": false
  },
  "minecraft:story/enter_the_nether": {
    "criteria": {
      "entered_nether": "2024-10-04 04:40:54 +0000"
    },
    "done": true
  },
  "tetra:spelunking/find_scroll_howling": {
    "criteria": {
      "find": "2024-09-30 06:34:51 +0000"
    },
    "done": true
  },
  "dungeons_arise:find_mushroom_village": {
    "criteria": {
      "location0": "2024-09-30 07:22:15 +0000"
    },
    "done": true
  },
  "tetra:spelunking/find_scroll_throwing": {
    "criteria": {
      "find": "2024-09-30 06:34:28 +0000"
    },
    "done": true
  },
  "create:encased_fan": {
    "criteria": {
      "0": "2024-09-30 21:42:42 +0000"
    },
    "done": true
  },
  "comforts:hammock_lime_from_white": {
    "criteria": {
      "has_the_recipe": "2024-09-25 03:44:47 +0000"
    },
    "done": true
  },
  "comforts:hammock_orange_from_white": {
    "criteria": {
      "has_the_recipe": "2024-09-25 03:44:47 +0000"
    },
    "done": true
  },
  "minecraft:adventure/voluntary_exile": {
    "criteria": {
      "voluntary_exile": "2024-09-26 21:08:37 +0000"
    },
    "done": true
  },
  "comforts:sleeping_bag_light_gray_from_white": {
    "criteria": {
      "has_the_recipe": "2024-09-25 03:44:47 +0000"
    },
    "done": true
  },
  "toms_storage:unlock_chest": {
    "criteria": {
      "inv_changed-chest": "2024-09-25 03:44:47 +0000"
    },
    "done": true
  },
  "totw_modded:root": {
    "criteria": {
      "sample_trigger": "2024-09-25 03:44:47 +0000"
    },
    "done": true
  },
  "create:root": {
    "criteria": {
      "0": "2024-09-25 03:44:47 +0000"
    },
    "done": true
  },
  "betterdeserttemples:root": {
    "criteria": {
      "always": "2024-09-25 03:44:47 +0000"
    },
    "done": true
  },
  "majruszsdifficulty:progressive_difficulty/undead_army_treasure_bag": {
    "criteria": {
      "bag_opened": "2024-10-01 05:02:06 +0000"
    },
    "done": true
  },
  "naturescompass:natures_compass_log": {
    "criteria": {
      "has_recipe": "2024-09-25 03:44:47 +0000"
    },
    "done": true
  },
  "lootr:25loot": {
    "criteria": {
      "loot_stat": "2024-09-30 06:33:07 +0000"
    },
    "done": true
  },
  "minecraft:story/mine_diamond": {
    "criteria": {
      "diamond": "2024-09-30 04:05:12 +0000"
    },
    "done": true
  },
  "minecraft:story/upgrade_tools": {
    "criteria": {
      "stone_pickaxe": "2024-09-25 03:53:36 +0000"
    },
    "done": true
  },
  "comforts:hammock_blue": {
    "criteria": {
      "has_the_recipe": "2024-09-25 03:44:47 +0000"
    },
    "done": true
  },
  "paraglider:root": {
    "criteria": {
      "crafting_table": "2024-09-25 03:53:17 +0000"
    },
    "done": true
  },
  "supplementaries:adventure/way_sign": {
    "criteria": {
      "bastion": "2024-09-30 06:29:07 +0000"
    },
    "done": true
  },
  "comforts:hammock_gray": {
    "criteria": {
      "has_the_recipe": "2024-09-25 03:44:47 +0000"
    },
    "done": true
  },
  "alexsmobs:alexsmobs/fish_bones": {
    "criteria": {
      "sopa_de_macaco": "2024-10-01 07:04:53 +0000"
    },
    "done": true
  },
  "lootr:1barrel": {
    "criteria": {
      "opened_barrel": "2024-09-25 03:48:09 +0000"
    },
    "done": true
  },
  "enigmaticlegacy:recipes/generic/xp_scroll": {
    "criteria": {
      "has_parent_recipe": "2024-09-30 06:56:12 +0000",
      "has_items": "2024-09-30 07:08:58 +0000"
    },
    "done": true
  },
  "enigmaticlegacy:recipes/generic/lore_fragment": {
    "criteria": {
      "has_items": "2024-09-30 06:56:12 +0000"
    },
    "done": true
  },
  "minecraft:husbandry/tame_an_animal": {
    "criteria": {
      "tamed_animal": "2024-10-04 05:59:08 +0000"
    },
    "done": true
  },
  "comforts:hammock_white": {
    "criteria": {
      "has_the_recipe": "2024-09-25 03:44:47 +0000"
    },
    "done": true
  },
  "create:deployer": {
    "criteria": {
      "0": "2024-10-02 02:32:29 +0000"
    },
    "done": true
  },
  "farmersdelight:main/plant_all_crops": {
    "criteria": {
      "sugar_cane": "2024-10-01 04:55:42 +0000",
      "wheat": "2024-09-26 19:47:48 +0000",
      "melon": "2024-09-26 19:23:15 +0000",
      "pumpkin": "2024-09-30 07:24:08 +0000"
    },
    "done": false
  },
  "comforts:sleeping_bag_green_from_white": {
    "criteria": {
      "has_the_recipe": "2024-09-25 03:44:47 +0000"
    },
    "done": true
  },
  "alexsmobs:alexsmobs/stomp_leafcutter_anthill": {
    "criteria": {
      "ex": "2024-09-30 03:37:49 +0000"
    },
    "done": true
  },
  "supplementaries:adventure/globe": {
    "criteria": {
      "unlock": "2024-10-01 07:23:32 +0000"
    },
    "done": true
  },
  "enigmaticlegacy:recipes/generic/escape_scroll": {
    "criteria": {
      "has_parent_recipe": "2024-09-30 06:56:12 +0000"
    },
    "done": false
  },
  "create:copper": {
    "criteria": {
      "0": "2024-09-25 03:47:30 +0000"
    },
    "done": true
  },
  "create:andesite_alloy": {
    "criteria": {
      "0": "2024-09-30 19:51:09 +0000"
    },
    "done": true
  },
  "comforts:sleeping_bag_black_from_white": {
    "criteria": {
      "has_the_recipe": "2024-09-25 03:44:47 +0000"
    },
    "done": true
  },
  "endrem:main/evil_eye": {
    "criteria": {
      "evil_eye": "2024-10-02 03:41:49 +0000"
    },
    "done": true
  },
  "table_top_craft:the_hoarding_begins": {
    "criteria": {
      "ChessPieceFigure": "2024-09-25 04:14:03 +0000"
    },
    "done": true
  },
  "quark:get_diamond_heart": {
    "criteria": {
      "get_diamond_heart": "2024-10-04 01:29:31 +0000"
    },
    "done": true
  },
  "alexsmobs:alexsmobs/sopa_de_macaco": {
    "criteria": {
      "sopa_de_macaco": "2024-10-02 03:19:00 +0000"
    },
    "done": true
  },
  "create:water_wheel": {
    "criteria": {
      "0": "2024-10-02 01:40:13 +0000"
    },
    "done": true
  },
  "nourished_nether:nourished_nether_root": {
    "criteria": {
      "nourished_nether_root": "2024-10-04 04:40:54 +0000"
    },
    "done": true
  },
  "comforts:hammock_light_blue_from_white": {
    "criteria": {
      "has_the_recipe": "2024-09-25 03:44:47 +0000"
    },
    "done": true
  },
  "minecraft:nether/find_fortress": {
    "criteria": {
      "in_better_fortress": "2024-10-04 04:40:57 +0000"
    },
    "done": true
  },
  "table_top_craft:root": {
    "criteria": {
      "get_chess_piece": "2024-09-25 04:14:03 +0000"
    },
    "done": true
  },
  "queen_bee:root": {
    "criteria": {
      "root": "2024-09-25 03:44:47 +0000"
    },
    "done": true
  },
  "idas:bearclaw_inn": {
    "criteria": {
      "in_bearclaw_inn": "2024-09-30 07:08:09 +0000"
    },
    "done": true
  },
  "aquamirae:adventure/root": {
    "criteria": {
      "crafting_table": "2024-09-25 03:53:17 +0000"
    },
    "done": true
  },
  "toms_storage:unlock_netherite": {
    "criteria": {
      "inv_changed-netherite": "2024-09-25 03:44:47 +0000"
    },
    "done": true
  },
  "predators:the_predators_advencement": {
    "criteria": {
      "the_predators_advencement": "2024-09-25 03:44:47 +0000"
    },
    "done": true
  },
  "create:copper_casing": {
    "criteria": {
      "0": "2024-10-02 02:48:17 +0000"
    },
    "done": true
  },
  "comforts:hammock_cyan": {
    "criteria": {
      "has_the_recipe": "2024-09-25 03:44:47 +0000"
    },
    "done": true
  },
  "create:mechanical_crafter": {
    "criteria": {
      "0": "2024-10-02 01:45:00 +0000"
    },
    "done": true
  },
  "comforts:sleeping_bag_purple": {
    "criteria": {
      "has_the_recipe": "2024-09-25 03:44:47 +0000"
    },
    "done": true
  },
  "farmersdelight:main/get_fd_seed": {
    "criteria": {
      "rice": "2024-10-02 01:02:55 +0000"
    },
    "done": true
  },
  "comforts:sleeping_bag_purple_from_white": {
    "criteria": {
      "has_the_recipe": "2024-09-25 03:44:47 +0000"
    },
    "done": true
  },
  "create:sturdy_sheet": {
    "criteria": {
      "0": "2024-10-02 03:32:50 +0000"
    },
    "done": true
  },
  "enigmaticlegacy:recipes/generic/golden_ring": {
    "criteria": {
      "has_items": "2024-09-25 04:14:03 +0000"
    },
    "done": false
  },
  "cataclysm:root": {
    "criteria": {
      "custom_test_name": "2024-09-25 03:44:47 +0000"
    },
    "done": true
  },
  "comforts:sleeping_bag_yellow": {
    "criteria": {
      "has_the_recipe": "2024-09-25 03:44:47 +0000"
    },
    "done": true
  },
  "comforts:hammock_light_gray": {
    "criteria": {
      "has_the_recipe": "2024-09-25 03:44:47 +0000"
    },
    "done": true
  },
  "alexsmobs:alexsmobs/skelewag": {
    "criteria": {
      "killed_by": "2024-10-01 07:12:17 +0000"
    },
    "done": true
  },
  "comforts:sleeping_bag_orange_from_white": {
    "criteria": {
      "has_the_recipe": "2024-09-25 03:44:47 +0000"
    },
    "done": true
  },
  "comforts:hammock_yellow_from_white": {
    "criteria": {
      "has_the_recipe": "2024-09-25 03:44:47 +0000"
    },
    "done": true
  },
  "alexsmobs:alexsmobs/banana": {
    "criteria": {
      "banana": "2024-09-25 04:48:19 +0000"
    },
    "done": true
  },
  "enigmaticlegacy:recipes/generic/super_magnet_ring": {
    "criteria": {
      "has_items": "2024-10-01 05:38:36 +0000"
    },
    "done": false
  },
  "comforts:sleeping_bag_blue_from_white": {
    "criteria": {
      "has_the_recipe": "2024-09-25 03:44:47 +0000"
    },
    "done": true
  },
  "iter_rpg:iter_get_ametrine": {
    "criteria": {
      "iter_get_ametrine": "2024-10-02 00:58:25 +0000"
    },
    "done": true
  },
  "comforts:sleeping_bag_green": {
    "criteria": {
      "has_the_recipe": "2024-09-25 03:44:47 +0000"
    },
    "done": true
  },
  "comforts:sleeping_bag_brown_from_white": {
    "criteria": {
      "has_the_recipe": "2024-09-25 03:44:47 +0000"
    },
    "done": true
  },
  "minecraft:story/iron_tools": {
    "criteria": {
      "iron_pickaxe": "2024-09-25 04:23:09 +0000"
    },
    "done": true
  },
  "comforts:sleeping_bag_white": {
    "criteria": {
      "has_the_recipe": "2024-09-25 03:44:47 +0000"
    },
    "done": true
  },
  "comforts:hammock_light_gray_from_white": {
    "criteria": {
      "has_the_recipe": "2024-09-25 03:44:47 +0000"
    },
    "done": true
  },
  "comforts:sleeping_bag_gray": {
    "criteria": {
      "has_the_recipe": "2024-09-25 03:44:47 +0000"
    },
    "done": true
  },
  "comforts:sleeping_bag_brown": {
    "criteria": {
      "has_the_recipe": "2024-09-25 03:44:47 +0000"
    },
    "done": true
  },
  "tetra:scrolls/find_scroll_halberd": {
    "criteria": {
      "find": "2024-09-30 06:35:31 +0000"
    },
    "done": true
  },
  "minecraft:story/root": {
    "criteria": {
      "crafting_table": "2024-09-25 03:53:17 +0000"
    },
    "done": true
  },
  "create:track_0": {
    "criteria": {
      "0": "2024-10-02 03:35:42 +0000"
    },
    "done": true
  },
  "artifacts:amateur_archaeologist": {
    "criteria": {
      "find_artifact": "2024-09-25 04:14:21 +0000"
    },
    "done": true
  },
  "create:drain": {
    "criteria": {
      "0": "2024-10-02 03:23:21 +0000"
    },
    "done": true
  },
  "tetra:recipes/string": {
    "criteria": {
      "got_string": "2024-09-25 03:47:29 +0000"
    },
    "done": true
  },
  "comforts:hammock_light_blue": {
    "criteria": {
      "has_the_recipe": "2024-09-25 03:44:47 +0000"
    },
    "done": true
  },
  "minecraft:story/form_obsidian": {
    "criteria": {
      "obsidian": "2024-10-01 04:53:00 +0000"
    },
    "done": true
  },
  "comforts:rope_and_nail": {
    "criteria": {
      "has_the_recipe": "2024-09-25 03:44:47 +0000"
    },
    "done": true
  },
  "create:haunted_bell": {
    "criteria": {
      "0": "2024-10-04 05:54:44 +0000"
    },
    "done": true
  },
  "alexsmobs:alexsmobs/crocodile": {
    "criteria": {
      "killed_by": "2024-09-25 04:17:26 +0000"
    },
    "done": true
  },
  "create:spout": {
    "criteria": {
      "0": "2024-10-02 03:29:07 +0000"
    },
    "done": true
  },
  "betterdungeons:root": {
    "criteria": {
      "always": "2024-09-25 03:44:47 +0000"
    },
    "done": true
  },
  "comforts:sleeping_bag_red_from_white": {
    "criteria": {
      "has_the_recipe": "2024-09-25 03:44:47 +0000"
    },
    "done": true
  },
  "lootr:root": {
    "criteria": {
      "always_true": "2024-09-25 03:44:47 +0000"
    },
    "done": true
  },
  "minecraft:adventure/kill_a_mob": {
    "criteria": {
      "minecraft:silverfish": "2024-09-25 04:15:37 +0000"
    },
    "done": true
  },
  "create:millstone": {
    "criteria": {
      "0": "2024-09-30 20:50:52 +0000"
    },
    "done": true
  },
  "table_top_craft:connect_four_victory_move": {
    "criteria": {
      "make_connect_four_victory_move": "2024-09-30 04:50:15 +0000"
    },
    "done": true
  },
  "friendsandfoes:adventure/kill_illusioner": {
    "criteria": {
      "killed_illusioner": "2024-10-01 08:05:38 +0000"
    },
    "done": true
  },
  "comforts:sleeping_bag_magenta_from_white": {
    "criteria": {
      "has_the_recipe": "2024-09-25 03:44:47 +0000"
    },
    "done": true
  },
  "comforts:hammock_magenta_from_white": {
    "criteria": {
      "has_the_recipe": "2024-09-25 03:44:47 +0000"
    },
    "done": true
  },
  "comforts:hammock_brown_from_white": {
    "criteria": {
      "has_the_recipe": "2024-09-25 03:44:47 +0000"
    },
    "done": true
  },
  "toms_storage:unlock_glowstone": {
    "criteria": {
      "inv_changed-glowstone": "2024-09-25 03:44:47 +0000"
    },
    "done": true
  },
  "majruszsdifficulty:progressive_difficulty/normal_mode": {
    "criteria": {
      "game_state": "2024-09-25 03:44:47 +0000"
    },
    "done": true
  },
  "endrem:main/eyes_recipe": {
    "criteria": {
      "eyes": "2024-10-01 05:38:36 +0000"
    },
    "done": true
  },
  "create:crushing_wheel": {
    "criteria": {
      "0": "2024-10-02 02:04:16 +0000"
    },
    "done": true
  },
  "enigmaticlegacy:book/accessories/insignia": {
    "criteria": {
      "has_the_recipe": "2024-09-30 04:04:42 +0000"
    },
    "done": true
  },
  "minecraft:adventure/adventuring_time": {
    "criteria": {
      "minecraft:sunflower_plains": "2024-10-01 07:15:32 +0000",
      "minecraft:birch_forest": "2024-09-30 06:30:23 +0000",
      "minecraft:bamboo_jungle": "2024-09-25 04:44:54 +0000",
      "minecraft:wooded_badlands": "2024-09-30 21:56:39 +0000",
      "minecraft:dark_forest": "2024-09-30 06:54:17 +0000",
      "minecraft:sparse_jungle": "2024-09-25 04:07:12 +0000",
      "minecraft:river": "2024-09-25 03:55:29 +0000",
      "minecraft:stony_shore": "2024-10-01 07:11:37 +0000",
      "minecraft:dripstone_caves": "2024-10-04 22:58:38 +0000",
      "environmental:blossom_woods": "2024-09-30 06:30:55 +0000",
      "atmospheric:aspen_parkland": "2024-10-01 07:18:30 +0000",
      "minecraft:forest": "2024-09-30 07:08:08 +0000",
      "minecraft:lush_caves": "2024-10-02 00:19:38 +0000",
      "minecraft:desert": "2024-09-25 03:46:35 +0000",
      "minecraft:jungle": "2024-09-25 03:44:48 +0000",
      "minecraft:ocean": "2024-10-01 07:11:42 +0000",
      "atmospheric:laurel_forest": "2024-09-30 07:57:00 +0000",
      "minecraft:old_growth_birch_forest": "2024-10-04 05:18:31 +0000",
      "minecraft:meadow": "2024-10-01 07:14:11 +0000",
      "minecraft:plains": "2024-10-01 07:03:36 +0000"
    },
    "done": false
  },
  "comforts:hammock_blue_from_white": {
    "criteria": {
      "has_the_recipe": "2024-09-25 03:44:47 +0000"
    },
    "done": true
  },
  "comforts:sleeping_bag_gray_from_white": {
    "criteria": {
      "has_the_recipe": "2024-09-25 03:44:47 +0000"
    },
    "done": true
  },
  "enigmaticlegacy:recipes/generic/insignia": {
    "criteria": {
      "has_iron_ingot": "2024-09-30 04:04:42 +0000"
    },
    "done": true
  },
  "enigmaticlegacy:recipes/generic/extradimensional_eye": {
    "criteria": {
      "has_items": "2024-10-01 05:38:36 +0000"
    },
    "done": true
  },
  "comforts:sleeping_bag_cyan": {
    "criteria": {
      "has_the_recipe": "2024-09-25 03:44:47 +0000"
    },
    "done": true
  },
  "toms_storage:unlock_dia_pearl": {
    "criteria": {
      "inv_changed-ender_pearl": "2024-09-25 03:44:47 +0000",
      "inv_changed-diamond": "2024-09-25 03:44:47 +0000"
    },
    "done": true
  },
  "unusualprehistory:main/golden_scau": {
    "criteria": {
      "golden_scau": "2024-09-30 07:30:58 +0000"
    },
    "done": true
  },
  "comforts:hammock_purple_from_white": {
    "criteria": {
      "has_the_recipe": "2024-09-25 03:44:47 +0000"
    },
    "done": true
  },
  "minecraft:husbandry/plant_seed": {
    "criteria": {
      "melon_stem": "2024-09-26 19:23:15 +0000"
    },
    "done": true
  },
  "enigmaticlegacy:recipes/generic/avarice_scroll": {
    "criteria": {
      "has_parent_recipe": "2024-09-30 06:56:12 +0000"
    },
    "done": false
  },
  "minecraft:husbandry/axolotl_in_a_bucket": {
    "criteria": {
      "axolotl_bucket": "2024-10-01 05:53:04 +0000"
    },
    "done": true
  },
  "comforts:sleeping_bag_pink_from_white": {
    "criteria": {
      "has_the_recipe": "2024-09-25 03:44:47 +0000"
    },
    "done": true
  },
  "minecraft:adventure/shoot_arrow": {
    "criteria": {
      "shot_arrow": "2024-09-30 02:41:52 +0000"
    },
    "done": true
  },
  "galosphere:adventure/silver_ingot": {
    "criteria": {
      "silver_ingot": "2024-10-04 04:49:29 +0000"
    },
    "done": true
  },
  "majruszsdifficulty:progressive_difficulty/creeperling": {
    "criteria": {
      "encountered_creeperling": "2024-09-30 05:11:21 +0000"
    },
    "done": true
  },
  "enigmaticlegacy:recipes/generic/berserk_charm": {
    "criteria": {
      "has_parent_recipe": "2024-09-30 06:56:12 +0000"
    },
    "done": false
  },
  "comforts:sleeping_bag_yellow_from_white": {
    "criteria": {
      "has_the_recipe": "2024-09-25 03:44:47 +0000"
    },
    "done": true
  },
  "enigmaticlegacy:recipes/generic/cursed_scroll": {
    "criteria": {
      "has_parent_recipe": "2024-09-30 06:56:12 +0000"
    },
    "done": false
  },
  "majruszsdifficulty:recipes/misc/tattered_armor_to_cloth": {
    "criteria": {
      "has_tattered_armor": "2024-10-01 06:47:34 +0000"
    },
    "done": true
  },
  "dungeons_arise:wda_root": {
    "criteria": {
      "WDA": "2024-09-25 03:44:47 +0000"
    },
    "done": true
  },
  "tetra:recipes/planks": {
    "criteria": {
      "got_wood": "2024-09-25 03:53:13 +0000"
    },
    "done": true
  },
  "idas:fishermans_lodge": {
    "criteria": {
      "in_fishermans_lodge": "2024-10-01 07:04:12 +0000"
    },
    "done": true
  },
  "minecraft:husbandry/breed_an_animal": {
    "criteria": {
      "bred": "2024-10-01 06:12:47 +0000"
    },
    "done": true
  },
  "meetyourfight:main/swampjaw_kill": {
    "criteria": {
      "get_item": "2024-09-30 02:52:37 +0000"
    },
    "done": true
  },
  "comforts:hammock_green_from_white": {
    "criteria": {
      "has_the_recipe": "2024-09-25 03:44:47 +0000"
    },
    "done": true
  },
  "comforts:hammock_orange": {
    "criteria": {
      "has_the_recipe": "2024-09-25 03:44:47 +0000"
    },
    "done": true
  },
  "lootr:50loot": {
    "criteria": {
      "loot_stat": "2024-09-30 06:45:03 +0000"
    },
    "done": true
  },
  "totw_modded:regular_tower": {
    "criteria": {
      "regular": "2024-09-30 06:51:25 +0000"
    },
    "done": true
  },
  "farmersdelight:main/place_campfire": {
    "criteria": {
      "soul_campfire": "2024-10-02 01:25:11 +0000"
    },
    "done": true
  },
  "endrem:main/root": {
    "criteria": {
      "evil_eye": "2024-10-02 03:41:49 +0000"
    },
    "done": true
  },
  "comforts:hammock_pink": {
    "criteria": {
      "has_the_recipe": "2024-09-25 03:44:47 +0000"
    },
    "done": true
  },
  "comforts:sleeping_bag_magenta": {
    "criteria": {
      "has_the_recipe": "2024-09-25 03:44:47 +0000"
    },
    "done": true
  },
  "minecraft:nether/explore_nether": {
    "criteria": {
      "minecraft:soul_sand_valley": "2024-10-04 04:40:57 +0000"
    },
    "done": false
  },
  "dungeons_arise:find_mushroom_mines": {
    "criteria": {
      "location0": "2024-09-30 06:28:43 +0000"
    },
    "done": true
  },
  "comforts:sleeping_bag_cyan_from_white": {
    "criteria": {
      "has_the_recipe": "2024-09-25 03:44:47 +0000"
    },
    "done": true
  },
  "lootr:100loot": {
    "criteria": {
      "loot_stat": "2024-10-04 22:36:59 +0000"
    },
    "done": true
  },
  "netherdepthsupgrade:main/root": {
    "criteria": {
      "entered_nether": "2024-10-04 04:40:54 +0000"
    },
    "done": true
  },
  "comforts:hammock_brown": {
    "criteria": {
      "has_the_recipe": "2024-09-25 03:44:47 +0000"
    },
    "done": true
  },
  "create:fan_processing": {
    "criteria": {
      "0": "2024-09-30 21:42:51 +0000"
    },
    "done": true
  },
  "enigmaticlegacy:recipes/generic/animal_guidebook": {
    "criteria": {
      "has_items": "2024-09-30 07:08:50 +0000"
    },
    "done": true
  },
  "majruszsdifficulty:progressive_difficulty/undead_army": {
    "criteria": {
      "army_defeated": "2024-10-01 05:01:35 +0000"
    },
    "done": true
  },
  "comforts:hammock_green": {
    "criteria": {
      "has_the_recipe": "2024-09-25 03:44:47 +0000"
    },
    "done": true
  },
  "minecraft:story/smelt_iron": {
    "criteria": {
      "iron": "2024-09-25 04:13:12 +0000"
    },
    "done": true
  },
  "create:brass_casing": {
    "criteria": {
      "0": "2024-10-02 00:05:14 +0000"
    },
    "done": true
  },
  "meetyourfight:main/root": {
    "criteria": {
      "killed_something": "2024-09-25 03:54:10 +0000"
    },
    "done": true
  },
  "DataVersion": 3120
}