{
  "comforts:sleeping_bag_light_gray": {
    "criteria": {
      "has_the_recipe": "2024-09-25 03:37:33 +0000"
    },
    "done": true
  },
  "tetra:spelunking/find_scroll": {
    "criteria": {
      "find": "2024-09-30 04:05:12 +0000"
    },
    "done": true
  },
  "alexsmobs:alexsmobs/tame_flutter": {
    "criteria": {
      "tame": "2024-10-01 07:32:56 +0000"
    },
    "done": true
  },
  "comforts:hammock_cyan_from_white": {
    "criteria": {
      "has_the_recipe": "2024-09-25 03:37:33 +0000"
    },
    "done": true
  },
  "comforts:hammock_black": {
    "criteria": {
      "has_the_recipe": "2024-09-25 03:37:33 +0000"
    },
    "done": true
  },
  "comforts:sleeping_bag_light_blue": {
    "criteria": {
      "has_the_recipe": "2024-09-25 03:37:33 +0000"
    },
    "done": true
  },
  "comforts:sleeping_bag_lime": {
    "criteria": {
      "has_the_recipe": "2024-09-25 03:37:33 +0000"
    },
    "done": true
  },
  "enigmaticlegacy:recipes/generic/magnet_ring": {
    "criteria": {
      "has_items": "2024-09-25 03:52:10 +0000"
    },
    "done": false
  },
  "naturescompass:natures_compass": {
    "criteria": {
      "has_compass": "2024-09-25 03:37:32 +0000"
    },
    "done": true
  },
  "tetra:scrolls/find_scroll_mace": {
    "criteria": {
      "find": "2024-09-30 06:33:20 +0000"
    },
    "done": true
  },
  "comforts:sleeping_bag_lime_from_white": {
    "criteria": {
      "has_the_recipe": "2024-09-25 03:37:33 +0000"
    },
    "done": true
  },
  "minecraft:nether/root": {
    "criteria": {
      "entered_nether": "2024-10-04 05:42:47 +0000"
    },
    "done": true
  },
  "farmersdelight:main/place_cooking_pot": {
    "criteria": {
      "cooking_pot": "2024-10-01 06:57:17 +0000"
    },
    "done": true
  },
  "enigmaticlegacy:recipes/generic/the_acknowledgment": {
    "criteria": {
      "has_iron_ingot": "2024-09-25 03:37:32 +0000"
    },
    "done": true
  },
  "conjurer_illager:find_theatre": {
    "criteria": {
      "in_theater": "2024-09-30 06:53:19 +0000"
    },
    "done": true
  },
  "comforts:sleeping_bag_black": {
    "criteria": {
      "has_the_recipe": "2024-09-25 03:37:33 +0000"
    },
    "done": true
  },
  "enigmaticlegacy:recipes/generic/iron_ring": {
    "criteria": {
      "has_iron_ingot": "2024-09-25 04:14:05 +0000"
    },
    "done": true
  },
  "friendsandfoes:adventure/the_magicians": {
    "criteria": {
      "killed_evoker": "2024-10-01 08:02:19 +0000",
      "killed_illusioner": "2024-10-01 08:03:54 +0000"
    },
    "done": false
  },
  "majruszsdifficulty:recipes/misc/tattered_armor": {
    "criteria": {
      "has_cloth": "2024-09-30 01:24:28 +0000"
    },
    "done": true
  },
  "enigmaticlegacy:recipes/generic/bonus_wool_recipes": {
    "criteria": {
      "has_white_wool": "2024-10-04 02:11:59 +0000"
    },
    "done": true
  },
  "comforts:hammock_red_from_white": {
    "criteria": {
      "has_the_recipe": "2024-09-25 03:37:33 +0000"
    },
    "done": true
  },
  "dungeons_arise:find_bandit_village": {
    "criteria": {
      "location0": "2024-09-30 20:15:23 +0000"
    },
    "done": true
  },
  "tetra:spelunking/root": {
    "criteria": {
      "spelunking": "2024-10-01 06:35:36 +0000"
    },
    "done": true
  },
  "comforts:hammock_yellow": {
    "criteria": {
      "has_the_recipe": "2024-09-25 03:37:33 +0000"
    },
    "done": true
  },
  "mutantmore:nether/brew_mutation_potion": {
    "criteria": {
      "brew_mutation_potion": "2024-10-04 04:39:54 +0000"
    },
    "done": true
  },
  "enigmaticlegacy:recipes/generic/infernal_shield": {
    "criteria": {
      "has_parent_recipe": "2024-09-25 03:37:33 +0000"
    },
    "done": false
  },
  "lootr:1chest": {
    "criteria": {
      "opened_chest": "2024-09-25 03:51:21 +0000"
    },
    "done": true
  },
  "enigmaticlegacy:recipes/generic/heaven_scroll": {
    "criteria": {
      "has_parent_recipe": "2024-10-01 06:39:13 +0000"
    },
    "done": false
  },
  "lootr:1cart": {
    "criteria": {
      "opened_cart": "2024-10-02 00:54:34 +0000"
    },
    "done": true
  },
  "comforts:hammock_pink_from_white": {
    "criteria": {
      "has_the_recipe": "2024-09-25 03:37:33 +0000"
    },
    "done": true
  },
  "atmospheric:husbandry/find_orange": {
    "criteria": {
      "find_orange": "2024-10-04 05:21:16 +0000"
    },
    "done": true
  },
  "betterdungeons:all_dungeons": {
    "criteria": {
      "in_better_skeleton_dungeon": "2024-10-02 03:30:27 +0000"
    },
    "done": false
  },
  "enigmaticlegacy:book/accessories/arcane_scrolls": {
    "criteria": {
      "has_the_recipe": "2024-10-01 06:39:13 +0000"
    },
    "done": true
  },
  "totw_modded:jungle_tower": {
    "criteria": {
      "jungle": "2024-10-04 23:34:50 +0000"
    },
    "done": true
  },
  "tetra:spelunking/geode": {
    "criteria": {
      "get_geode": "2024-10-02 01:09:43 +0000"
    },
    "done": true
  },
  "enigmaticlegacy:book/brewing/recall_potion": {
    "criteria": {
      "has_items": "2024-10-04 01:31:45 +0000"
    },
    "done": true
  },
  "friendsandfoes:adventure/complete_hide_and_seek_game": {
    "criteria": {
      "friendsandfoes:complete_hide_and_seek_game": "2024-10-02 00:55:50 +0000"
    },
    "done": true
  },
  "mutantmonsters:root": {
    "criteria": {
      "killed_by_something": "2024-09-25 03:47:30 +0000"
    },
    "done": true
  },
  "comforts:hammock_purple": {
    "criteria": {
      "has_the_recipe": "2024-09-25 03:37:33 +0000"
    },
    "done": true
  },
  "minecraft:husbandry/balanced_diet": {
    "criteria": {
      "baked_potato": "2024-09-30 07:28:48 +0000",
      "cookie": "2024-09-30 21:40:39 +0000",
      "rabbit_stew": "2024-10-04 23:20:24 +0000",
      "golden_apple": "2024-09-30 04:15:28 +0000",
      "bread": "2024-09-30 21:24:00 +0000",
      "melon_slice": "2024-09-25 04:02:09 +0000",
      "cooked_beef": "2024-09-30 19:59:08 +0000",
      "mushroom_stew": "2024-10-02 00:37:29 +0000",
      "chicken": "2024-10-02 02:40:21 +0000",
      "cooked_mutton": "2024-09-30 20:19:52 +0000",
      "apple": "2024-09-30 03:56:42 +0000",
      "golden_carrot": "2024-09-25 04:32:39 +0000",
      "atmospheric:orange": "2024-10-04 05:32:48 +0000",
      "carrot": "2024-09-26 20:01:31 +0000"
    },
    "done": false
  },
  "create:brass": {
    "criteria": {
      "0": "2024-10-02 04:03:56 +0000"
    },
    "done": true
  },
  "comforts:hammock_lime": {
    "criteria": {
      "has_the_recipe": "2024-09-25 03:37:33 +0000"
    },
    "done": true
  },
  "iter_rpg:iter_get_voidquartz": {
    "criteria": {
      "iter_get_voidquartz": "2024-10-01 06:35:29 +0000"
    },
    "done": true
  },
  "comforts:sleeping_bag_pink": {
    "criteria": {
      "has_the_recipe": "2024-09-25 03:37:33 +0000"
    },
    "done": true
  },
  "iter_rpg:iter_root": {
    "criteria": {
      "iter_root": "2024-09-25 03:37:33 +0000"
    },
    "done": true
  },
  "naturescompass:natures_compass_sapling": {
    "criteria": {
      "has_recipe": "2024-09-25 03:37:32 +0000"
    },
    "done": true
  },
  "alexsmobs:alexsmobs/rattlesnake": {
    "criteria": {
      "killed": "2024-10-01 07:59:30 +0000"
    },
    "done": true
  },
  "comforts:sleeping_bag_light_blue_from_white": {
    "criteria": {
      "has_the_recipe": "2024-09-25 03:37:33 +0000"
    },
    "done": true
  },
  "environmental:adventure/obtain_explorer_gear": {
    "criteria": {
      "thief_hood": "2024-09-30 06:35:45 +0000"
    },
    "done": true
  },
  "artifacts:chest_slayer": {
    "criteria": {
      "kill_mimic": "2024-10-01 06:34:10 +0000"
    },
    "done": true
  },
  "comforts:hammock_magenta": {
    "criteria": {
      "has_the_recipe": "2024-09-25 03:37:33 +0000"
    },
    "done": true
  },
  "enigmaticlegacy:recipes/generic/hunter_guidebook": {
    "criteria": {
      "has_items": "2024-09-30 03:25:28 +0000"
    },
    "done": true
  },
  "idas:idas_root": {
    "criteria": {
      "always": "2024-09-25 03:37:40 +0000"
    },
    "done": true
  },
  "comforts:sleeping_bag_red": {
    "criteria": {
      "has_the_recipe": "2024-09-25 03:37:33 +0000"
    },
    "done": true
  },
  "tetra:scrolls/find_scroll_dreadnought_stave": {
    "criteria": {
      "find": "2024-09-30 06:40:41 +0000"
    },
    "done": true
  },
  "minecraft:story/obtain_armor": {
    "criteria": {
      "iron_chestplate": "2024-09-30 04:03:55 +0000"
    },
    "done": true
  },
  "comforts:sleeping_bag_blue": {
    "criteria": {
      "has_the_recipe": "2024-09-25 03:37:33 +0000"
    },
    "done": true
  },
  "friendsandfoes:adventure/activate_zombie_horse_trap": {
    "criteria": {
      "friendsandfoes:activate_zombie_horse_trap": "2024-09-30 22:05:41 +0000"
    },
    "done": true
  },
  "minecraft:story/mine_stone": {
    "criteria": {
      "get_stone": "2024-09-25 03:52:24 +0000"
    },
    "done": true
  },
  "friendsandfoes:misc/yellow_dye_from_buttercup": {
    "criteria": {
      "has_the_recipe": "2024-09-25 03:37:33 +0000"
    },
    "done": true
  },
  "minecraft:adventure/sleep_in_bed": {
    "criteria": {
      "slept_in_bed": "2024-09-25 04:13:15 +0000"
    },
    "done": true
  },
  "enigmaticlegacy:recipes/generic/enchantment_transposer": {
    "criteria": {
      "has_items": "2024-09-30 03:33:56 +0000"
    },
    "done": true
  },
  "tetra:spelunking/find_scroll_sturdy": {
    "criteria": {
      "find": "2024-09-30 04:05:12 +0000"
    },
    "done": true
  },
  "minecraft:story/lava_bucket": {
    "criteria": {
      "lava_bucket": "2024-10-02 03:35:42 +0000"
    },
    "done": true
  },
  "comforts:sleeping_bag_orange": {
    "criteria": {
      "has_the_recipe": "2024-09-25 03:37:33 +0000"
    },
    "done": true
  },
  "minecraft:husbandry/root": {
    "criteria": {
      "consumed_item": "2024-09-25 03:57:01 +0000"
    },
    "done": true
  },
  "enigmaticlegacy:recipes/generic/thicc_scroll": {
    "criteria": {
      "has_items": "2024-10-01 06:39:13 +0000"
    },
    "done": true
  },
  "paraglider:paraglider": {
    "criteria": {
      "paraglider": "2024-09-30 06:50:23 +0000"
    },
    "done": true
  },
  "lootr:10loot": {
    "criteria": {
      "loot_stat": "2024-09-26 18:55:02 +0000"
    },
    "done": true
  },
  "minecraft:adventure/root": {
    "criteria": {
      "killed_by_something": "2024-09-25 03:47:30 +0000"
    },
    "done": true
  },
  "comforts:hammock_red": {
    "criteria": {
      "has_the_recipe": "2024-09-25 03:37:33 +0000"
    },
    "done": true
  },
  "lootr:social": {
    "criteria": {
      "opened_barrel": "2024-09-25 03:52:10 +0000",
      "opened_chest": "2024-09-25 03:51:21 +0000",
      "opened_cart": "2024-10-02 00:54:34 +0000"
    },
    "done": false
  },
  "iter_rpg:economy": {
    "criteria": {
      "economy": "2024-09-25 03:52:26 +0000"
    },
    "done": true
  },
  "farmersdelight:main/root": {
    "criteria": {
      "seeds": "2024-09-25 03:37:32 +0000"
    },
    "done": true
  },
  "comforts:hammock_black_from_white": {
    "criteria": {
      "has_the_recipe": "2024-09-25 03:37:33 +0000"
    },
    "done": true
  },
  "meetyourfight:main/swampjaw_summon": {
    "criteria": {
      "get_item": "2024-09-30 01:46:43 +0000"
    },
    "done": true
  },
  "brazier:brazier": {
    "criteria": {
      "placed": "2024-10-04 05:58:20 +0000"
    },
    "done": true
  },
  "comforts:hammock_gray_from_white": {
    "criteria": {
      "has_the_recipe": "2024-09-25 03:37:33 +0000"
    },
    "done": true
  },
  "tetra:scrolls/root": {
    "criteria": {
      "find": "2024-09-30 04:05:12 +0000"
    },
    "done": true
  },
  "minecraft:adventure/kill_all_mobs": {
    "criteria": {
      "minecraft:pillager": "2024-10-01 07:52:17 +0000",
      "minecraft:skeleton": "2024-09-26 19:03:29 +0000",
      "minecraft:ravager": "2024-10-01 07:58:08 +0000",
      "minecraft:hoglin": "2024-09-30 20:34:58 +0000",
      "minecraft:vindicator": "2024-10-01 07:56:24 +0000",
      "minecraft:spider": "2024-09-25 04:46:38 +0000",
      "minecraft:piglin_brute": "2024-09-30 07:29:02 +0000",
      "minecraft:creeper": "2024-10-01 07:21:22 +0000",
      "minecraft:evoker": "2024-10-01 08:02:19 +0000",
      "quark:forgotten": "2024-10-02 03:40:15 +0000",
      "minecraft:zombified_piglin": "2024-10-04 03:50:48 +0000",
      "minecraft:witch": "2024-09-30 03:56:28 +0000",
      "minecraft:husk": "2024-09-30 01:24:30 +0000",
      "minecraft:piglin": "2024-09-30 07:34:55 +0000",
      "minecraft:silverfish": "2024-09-25 04:14:51 +0000",
      "minecraft:enderman": "2024-09-30 03:25:27 +0000",
      "minecraft:stray": "2024-09-30 22:06:44 +0000",
      "minecraft:vex": "2024-09-30 07:23:33 +0000",
      "minecraft:zombie": "2024-09-25 05:06:47 +0000",
      "minecraft:zombie_villager": "2024-09-30 05:56:16 +0000"
    },
    "done": false
  },
  "minecraft:story/enter_the_nether": {
    "criteria": {
      "entered_nether": "2024-10-04 05:42:47 +0000"
    },
    "done": true
  },
  "enigmaticlegacy:book/brewing/molten_heart_potion": {
    "criteria": {
      "has_items": "2024-09-30 07:56:30 +0000"
    },
    "done": true
  },
  "tetra:spelunking/find_scroll_howling": {
    "criteria": {
      "find": "2024-10-02 03:56:03 +0000"
    },
    "done": true
  },
  "dungeons_arise:find_mushroom_village": {
    "criteria": {
      "location0": "2024-09-30 07:22:49 +0000"
    },
    "done": true
  },
  "tetra:spelunking/find_scroll_throwing": {
    "criteria": {
      "find": "2024-09-30 04:10:52 +0000"
    },
    "done": true
  },
  "comforts:hammock_lime_from_white": {
    "criteria": {
      "has_the_recipe": "2024-09-25 03:37:33 +0000"
    },
    "done": true
  },
  "comforts:hammock_orange_from_white": {
    "criteria": {
      "has_the_recipe": "2024-09-25 03:37:33 +0000"
    },
    "done": true
  },
  "minecraft:adventure/voluntary_exile": {
    "criteria": {
      "voluntary_exile": "2024-10-01 07:56:04 +0000"
    },
    "done": true
  },
  "toms_storage:unlock_chest": {
    "criteria": {
      "inv_changed-chest": "2024-09-25 03:37:32 +0000"
    },
    "done": true
  },
  "comforts:sleeping_bag_light_gray_from_white": {
    "criteria": {
      "has_the_recipe": "2024-09-25 03:37:33 +0000"
    },
    "done": true
  },
  "totw_modded:root": {
    "criteria": {
      "sample_trigger": "2024-09-25 03:37:32 +0000"
    },
    "done": true
  },
  "create:root": {
    "criteria": {
      "0": "2024-09-25 03:37:32 +0000"
    },
    "done": true
  },
  "betterdeserttemples:root": {
    "criteria": {
      "always": "2024-09-25 03:37:40 +0000"
    },
    "done": true
  },
  "majruszsdifficulty:progressive_difficulty/undead_army_treasure_bag": {
    "criteria": {
      "bag_opened": "2024-10-01 05:02:33 +0000"
    },
    "done": true
  },
  "naturescompass:natures_compass_log": {
    "criteria": {
      "has_recipe": "2024-09-25 03:37:32 +0000"
    },
    "done": true
  },
  "lootr:25loot": {
    "criteria": {
      "loot_stat": "2024-09-30 06:35:27 +0000"
    },
    "done": true
  },
  "minecraft:story/mine_diamond": {
    "criteria": {
      "diamond": "2024-09-25 03:52:10 +0000"
    },
    "done": true
  },
  "minecraft:story/upgrade_tools": {
    "criteria": {
      "stone_pickaxe": "2024-09-30 03:16:51 +0000"
    },
    "done": true
  },
  "unusualprehistory:main/petrified": {
    "criteria": {
      "petrified_wood": "2024-09-30 20:08:10 +0000"
    },
    "done": true
  },
  "friendsandfoes:husbandry/beehive": {
    "criteria": {
      "beehive": "2024-10-04 05:33:17 +0000"
    },
    "done": false
  },
  "alexsmobs:alexsmobs/root": {
    "criteria": {
      "useitem": "2024-10-02 03:00:20 +0000"
    },
    "done": true
  },
  "comforts:hammock_blue": {
    "criteria": {
      "has_the_recipe": "2024-09-25 03:37:33 +0000"
    },
    "done": true
  },
  "farmersdelight:main/eat_comfort_food": {
    "criteria": {
      "comfort": "2024-10-02 00:37:29 +0000"
    },
    "done": true
  },
  "paraglider:root": {
    "criteria": {
      "crafting_table": "2024-09-25 04:11:07 +0000"
    },
    "done": true
  },
  "supplementaries:adventure/way_sign": {
    "criteria": {
      "bastion": "2024-09-30 06:33:50 +0000"
    },
    "done": true
  },
  "comforts:hammock_gray": {
    "criteria": {
      "has_the_recipe": "2024-09-25 03:37:33 +0000"
    },
    "done": true
  },
  "lootr:1barrel": {
    "criteria": {
      "opened_barrel": "2024-09-25 03:52:10 +0000"
    },
    "done": true
  },
  "enigmaticlegacy:recipes/generic/xp_scroll": {
    "criteria": {
      "has_parent_recipe": "2024-10-01 06:39:13 +0000",
      "has_items": "2024-09-30 07:06:59 +0000"
    },
    "done": true
  },
  "enigmaticlegacy:recipes/generic/lore_fragment": {
    "criteria": {
      "has_items": "2024-10-01 06:39:13 +0000"
    },
    "done": true
  },
  "minecraft:husbandry/tame_an_animal": {
    "criteria": {
      "tamed_animal": "2024-10-01 07:21:34 +0000"
    },
    "done": true
  },
  "comforts:hammock_white": {
    "criteria": {
      "has_the_recipe": "2024-09-25 03:37:33 +0000"
    },
    "done": true
  },
  "farmersdelight:main/plant_all_crops": {
    "criteria": {
      "tomato": "2024-09-30 21:18:03 +0000",
      "sugar_cane": "2024-09-30 21:21:34 +0000"
    },
    "done": false
  },
  "comforts:sleeping_bag_green_from_white": {
    "criteria": {
      "has_the_recipe": "2024-09-25 03:37:33 +0000"
    },
    "done": true
  },
  "alexsmobs:alexsmobs/stomp_leafcutter_anthill": {
    "criteria": {
      "ex": "2024-09-26 18:56:27 +0000"
    },
    "done": true
  },
  "supplementaries:adventure/globe": {
    "criteria": {
      "unlock": "2024-10-02 00:41:40 +0000"
    },
    "done": true
  },
  "enigmaticlegacy:recipes/generic/escape_scroll": {
    "criteria": {
      "has_parent_recipe": "2024-10-01 06:39:13 +0000"
    },
    "done": false
  },
  "create:copper": {
    "criteria": {
      "0": "2024-09-26 19:33:45 +0000"
    },
    "done": true
  },
  "comforts:sleeping_bag_black_from_white": {
    "criteria": {
      "has_the_recipe": "2024-09-25 03:37:33 +0000"
    },
    "done": true
  },
  "table_top_craft:the_hoarding_begins": {
    "criteria": {
      "ChessPieceFigure": "2024-09-25 04:10:25 +0000"
    },
    "done": true
  },
  "quark:get_diamond_heart": {
    "criteria": {
      "get_diamond_heart": "2024-10-04 01:18:43 +0000"
    },
    "done": true
  },
  "alexsmobs:alexsmobs/sopa_de_macaco": {
    "criteria": {
      "sopa_de_macaco": "2024-09-30 20:01:10 +0000"
    },
    "done": true
  },
  "alexsmobs:alexsmobs/banana_slug": {
    "criteria": {
      "killed": "2024-10-04 05:19:38 +0000"
    },
    "done": true
  },
  "nourished_nether:nourished_nether_root": {
    "criteria": {
      "nourished_nether_root": "2024-10-04 05:42:47 +0000"
    },
    "done": true
  },
  "comforts:hammock_light_blue_from_white": {
    "criteria": {
      "has_the_recipe": "2024-09-25 03:37:33 +0000"
    },
    "done": true
  },
  "minecraft:nether/find_fortress": {
    "criteria": {
      "in_better_fortress": "2024-10-04 05:42:49 +0000"
    },
    "done": true
  },
  "table_top_craft:root": {
    "criteria": {
      "get_chess_piece": "2024-09-25 04:10:25 +0000"
    },
    "done": true
  },
  "queen_bee:root": {
    "criteria": {
      "root": "2024-09-25 03:37:40 +0000"
    },
    "done": true
  },
  "idas:bearclaw_inn": {
    "criteria": {
      "in_bearclaw_inn": "2024-09-30 07:08:14 +0000"
    },
    "done": true
  },
  "aquamirae:adventure/root": {
    "criteria": {
      "crafting_table": "2024-09-25 04:11:07 +0000"
    },
    "done": true
  },
  "toms_storage:unlock_netherite": {
    "criteria": {
      "inv_changed-netherite": "2024-09-25 03:37:32 +0000"
    },
    "done": true
  },
  "predators:the_predators_advencement": {
    "criteria": {
      "the_predators_advencement": "2024-09-25 03:37:40 +0000"
    },
    "done": true
  },
  "alexsmobs:alexsmobs/guster": {
    "criteria": {
      "killed_by": "2024-10-01 08:12:06 +0000"
    },
    "done": true
  },
  "comforts:hammock_cyan": {
    "criteria": {
      "has_the_recipe": "2024-09-25 03:37:33 +0000"
    },
    "done": true
  },
  "enigmaticlegacy:recipes/generic/shroomlamps": {
    "criteria": {
      "has_core_block": "2024-10-04 23:27:58 +0000"
    },
    "done": false
  },
  "comforts:sleeping_bag_purple": {
    "criteria": {
      "has_the_recipe": "2024-09-25 03:37:33 +0000"
    },
    "done": true
  },
  "minecraft:story/deflect_arrow": {
    "criteria": {
      "deflected_projectile": "2024-09-30 03:19:21 +0000"
    },
    "done": true
  },
  "betterdungeons:skeleton_dungeon": {
    "criteria": {
      "in_better_skeleton_dungeon": "2024-10-02 03:30:27 +0000"
    },
    "done": true
  },
  "quark:get_all_corundum": {
    "criteria": {
      "indigo": "2024-10-04 22:33:05 +0000"
    },
    "done": false
  },
  "farmersdelight:main/get_fd_seed": {
    "criteria": {
      "tomato_seeds": "2024-09-30 20:12:04 +0000"
    },
    "done": true
  },
  "comforts:sleeping_bag_purple_from_white": {
    "criteria": {
      "has_the_recipe": "2024-09-25 03:37:33 +0000"
    },
    "done": true
  },
  "dungeons_arise:find_lighthouse": {
    "criteria": {
      "location0": "2024-10-04 02:18:04 +0000"
    },
    "done": true
  },
  "enigmaticlegacy:recipes/generic/golden_ring": {
    "criteria": {
      "has_items": "2024-09-25 03:52:11 +0000"
    },
    "done": false
  },
  "comforts:sleeping_bag_yellow": {
    "criteria": {
      "has_the_recipe": "2024-09-25 03:37:33 +0000"
    },
    "done": true
  },
  "cataclysm:root": {
    "criteria": {
      "custom_test_name": "2024-09-25 03:37:40 +0000"
    },
    "done": true
  },
  "comforts:hammock_light_gray": {
    "criteria": {
      "has_the_recipe": "2024-09-25 03:37:33 +0000"
    },
    "done": true
  },
  "comforts:sleeping_bag_orange_from_white": {
    "criteria": {
      "has_the_recipe": "2024-09-25 03:37:33 +0000"
    },
    "done": true
  },
  "comforts:hammock_yellow_from_white": {
    "criteria": {
      "has_the_recipe": "2024-09-25 03:37:33 +0000"
    },
    "done": true
  },
  "alexsmobs:alexsmobs/banana": {
    "criteria": {
      "banana": "2024-09-26 18:49:38 +0000"
    },
    "done": true
  },
  "enigmaticlegacy:recipes/generic/super_magnet_ring": {
    "criteria": {
      "has_items": "2024-10-04 01:31:45 +0000"
    },
    "done": false
  },
  "comforts:sleeping_bag_blue_from_white": {
    "criteria": {
      "has_the_recipe": "2024-09-25 03:37:33 +0000"
    },
    "done": true
  },
  "iter_rpg:iter_get_ametrine": {
    "criteria": {
      "iter_get_ametrine": "2024-10-01 05:15:33 +0000"
    },
    "done": true
  },
  "comforts:sleeping_bag_green": {
    "criteria": {
      "has_the_recipe": "2024-09-25 03:37:33 +0000"
    },
    "done": true
  },
  "endrem:main/rogue_eye": {
    "criteria": {
      "rogue_eye": "2024-10-04 04:39:38 +0000"
    },
    "done": true
  },
  "comforts:sleeping_bag_brown_from_white": {
    "criteria": {
      "has_the_recipe": "2024-09-25 03:37:33 +0000"
    },
    "done": true
  },
  "minecraft:story/iron_tools": {
    "criteria": {
      "iron_pickaxe": "2024-09-30 03:28:29 +0000"
    },
    "done": true
  },
  "comforts:sleeping_bag_white": {
    "criteria": {
      "has_the_recipe": "2024-09-25 03:37:33 +0000"
    },
    "done": true
  },
  "comforts:hammock_light_gray_from_white": {
    "criteria": {
      "has_the_recipe": "2024-09-25 03:37:33 +0000"
    },
    "done": true
  },
  "comforts:sleeping_bag_gray": {
    "criteria": {
      "has_the_recipe": "2024-09-25 03:37:33 +0000"
    },
    "done": true
  },
  "comforts:sleeping_bag_brown": {
    "criteria": {
      "has_the_recipe": "2024-09-25 03:37:33 +0000"
    },
    "done": true
  },
  "minecraft:story/root": {
    "criteria": {
      "crafting_table": "2024-09-25 04:11:07 +0000"
    },
    "done": true
  },
  "graveyard:graveyard/corruption": {
    "criteria": {
      "corruption": "2024-09-30 07:52:49 +0000"
    },
    "done": true
  },
  "create:track_0": {
    "criteria": {
      "0": "2024-10-02 04:04:00 +0000"
    },
    "done": true
  },
  "artifacts:amateur_archaeologist": {
    "criteria": {
      "find_artifact": "2024-09-30 05:32:58 +0000"
    },
    "done": true
  },
  "tetra:recipes/string": {
    "criteria": {
      "got_string": "2024-09-25 04:10:08 +0000"
    },
    "done": true
  },
  "comforts:hammock_light_blue": {
    "criteria": {
      "has_the_recipe": "2024-09-25 03:37:33 +0000"
    },
    "done": true
  },
  "minecraft:story/form_obsidian": {
    "criteria": {
      "obsidian": "2024-09-25 04:22:41 +0000"
    },
    "done": true
  },
  "comforts:rope_and_nail": {
    "criteria": {
      "has_the_recipe": "2024-09-25 03:37:33 +0000"
    },
    "done": true
  },
  "create:haunted_bell": {
    "criteria": {
      "0": "2024-10-04 05:57:02 +0000"
    },
    "done": true
  },
  "betterdungeons:root": {
    "criteria": {
      "always": "2024-09-25 03:37:40 +0000"
    },
    "done": true
  },
  "comforts:sleeping_bag_red_from_white": {
    "criteria": {
      "has_the_recipe": "2024-09-25 03:37:33 +0000"
    },
    "done": true
  },
  "lootr:root": {
    "criteria": {
      "always_true": "2024-09-25 03:37:40 +0000"
    },
    "done": true
  },
  "minecraft:adventure/kill_a_mob": {
    "criteria": {
      "minecraft:silverfish": "2024-09-25 04:14:51 +0000"
    },
    "done": true
  },
  "table_top_craft:getting_connect_four": {
    "criteria": {
      "getting_chess_board": "2024-09-30 04:47:26 +0000"
    },
    "done": true
  },
  "alexsmobs:alexsmobs/seagull_steal": {
    "criteria": {
      "ex": "2024-10-04 02:03:22 +0000"
    },
    "done": true
  },
  "table_top_craft:connect_four_victory_move": {
    "criteria": {
      "make_connect_four_victory_move": "2024-09-30 04:47:49 +0000"
    },
    "done": true
  },
  "friendsandfoes:adventure/kill_illusioner": {
    "criteria": {
      "killed_illusioner": "2024-10-01 08:03:54 +0000"
    },
    "done": true
  },
  "comforts:sleeping_bag_magenta_from_white": {
    "criteria": {
      "has_the_recipe": "2024-09-25 03:37:33 +0000"
    },
    "done": true
  },
  "comforts:hammock_magenta_from_white": {
    "criteria": {
      "has_the_recipe": "2024-09-25 03:37:33 +0000"
    },
    "done": true
  },
  "comforts:hammock_brown_from_white": {
    "criteria": {
      "has_the_recipe": "2024-09-25 03:37:33 +0000"
    },
    "done": true
  },
  "toms_storage:unlock_glowstone": {
    "criteria": {
      "inv_changed-glowstone": "2024-09-25 03:37:32 +0000"
    },
    "done": true
  },
  "minecraft:nether/obtain_blaze_rod": {
    "criteria": {
      "blaze_rod": "2024-09-30 07:56:30 +0000"
    },
    "done": true
  },
  "minecraft:adventure/ol_betsy": {
    "criteria": {
      "shot_crossbow": "2024-10-04 03:58:01 +0000"
    },
    "done": true
  },
  "alexsmobs:alexsmobs/acacia_blossom": {
    "criteria": {
      "acacia_blossom": "2024-10-02 01:22:04 +0000"
    },
    "done": true
  },
  "majruszsdifficulty:progressive_difficulty/normal_mode": {
    "criteria": {
      "game_state": "2024-09-25 03:37:33 +0000"
    },
    "done": true
  },
  "endrem:main/eyes_recipe": {
    "criteria": {
      "eyes": "2024-10-04 01:31:45 +0000"
    },
    "done": true
  },
  "quark:get_forgotten_hat": {
    "criteria": {
      "get_forgotten_hat": "2024-10-02 03:40:47 +0000"
    },
    "done": true
  },
  "enigmaticlegacy:book/accessories/insignia": {
    "criteria": {
      "has_the_recipe": "2024-10-04 02:09:07 +0000"
    },
    "done": true
  },
  "minecraft:adventure/adventuring_time": {
    "criteria": {
      "minecraft:sunflower_plains": "2024-10-04 04:49:54 +0000",
      "minecraft:birch_forest": "2024-09-30 06:29:15 +0000",
      "minecraft:bamboo_jungle": "2024-09-25 04:36:59 +0000",
      "minecraft:wooded_badlands": "2024-09-30 20:07:49 +0000",
      "minecraft:beach": "2024-10-04 01:58:20 +0000",
      "minecraft:dark_forest": "2024-09-30 06:52:56 +0000",
      "minecraft:sparse_jungle": "2024-09-25 04:07:12 +0000",
      "minecraft:river": "2024-09-25 03:55:11 +0000",
      "minecraft:lukewarm_ocean": "2024-10-04 01:58:06 +0000",
      "minecraft:stony_shore": "2024-10-04 05:31:36 +0000",
      "minecraft:dripstone_caves": "2024-09-30 03:30:26 +0000",
      "environmental:blossom_woods": "2024-09-30 06:29:16 +0000",
      "atmospheric:aspen_parkland": "2024-10-04 05:19:00 +0000",
      "minecraft:forest": "2024-09-30 07:08:12 +0000",
      "minecraft:lush_caves": "2024-09-30 03:31:45 +0000",
      "minecraft:desert": "2024-09-25 03:46:38 +0000",
      "minecraft:jungle": "2024-09-25 03:37:44 +0000",
      "minecraft:ocean": "2024-10-04 05:35:03 +0000",
      "atmospheric:laurel_forest": "2024-09-30 07:54:56 +0000",
      "minecraft:old_growth_birch_forest": "2024-10-04 05:18:38 +0000",
      "minecraft:meadow": "2024-10-04 05:29:11 +0000",
      "minecraft:savanna": "2024-10-04 01:57:04 +0000",
      "minecraft:plains": "2024-10-04 02:11:29 +0000"
    },
    "done": false
  },
  "comforts:hammock_blue_from_white": {
    "criteria": {
      "has_the_recipe": "2024-09-25 03:37:33 +0000"
    },
    "done": true
  },
  "comforts:sleeping_bag_gray_from_white": {
    "criteria": {
      "has_the_recipe": "2024-09-25 03:37:33 +0000"
    },
    "done": true
  },
  "enigmaticlegacy:recipes/generic/extradimensional_eye": {
    "criteria": {
      "has_items": "2024-10-04 01:31:45 +0000"
    },
    "done": true
  },
  "enigmaticlegacy:recipes/generic/insignia": {
    "criteria": {
      "has_iron_ingot": "2024-10-04 02:09:07 +0000"
    },
    "done": true
  },
  "alexsmobs:alexsmobs/leafcutter_ant_pupa": {
    "criteria": {
      "leafcutter_ant_pupa": "2024-10-01 07:15:44 +0000"
    },
    "done": true
  },
  "minecraft:nether/brew_potion": {
    "criteria": {
      "potion": "2024-09-26 19:34:28 +0000"
    },
    "done": true
  },
  "comforts:sleeping_bag_cyan": {
    "criteria": {
      "has_the_recipe": "2024-09-25 03:37:33 +0000"
    },
    "done": true
  },
  "toms_storage:unlock_dia_pearl": {
    "criteria": {
      "inv_changed-ender_pearl": "2024-09-25 03:37:32 +0000",
      "inv_changed-diamond": "2024-09-25 03:37:32 +0000"
    },
    "done": true
  },
  "comforts:hammock_purple_from_white": {
    "criteria": {
      "has_the_recipe": "2024-09-25 03:37:33 +0000"
    },
    "done": true
  },
  "minecraft:husbandry/plant_seed": {
    "criteria": {
      "supplementaries:flax": "2024-09-30 21:18:34 +0000"
    },
    "done": true
  },
  "enigmaticlegacy:recipes/generic/avarice_scroll": {
    "criteria": {
      "has_parent_recipe": "2024-10-01 06:39:13 +0000"
    },
    "done": false
  },
  "minecraft:husbandry/axolotl_in_a_bucket": {
    "criteria": {
      "axolotl_bucket": "2024-10-01 05:14:36 +0000"
    },
    "done": true
  },
  "comforts:sleeping_bag_pink_from_white": {
    "criteria": {
      "has_the_recipe": "2024-09-25 03:37:33 +0000"
    },
    "done": true
  },
  "minecraft:adventure/shoot_arrow": {
    "criteria": {
      "shot_arrow": "2024-10-04 03:58:01 +0000"
    },
    "done": true
  },
  "galosphere:adventure/silver_ingot": {
    "criteria": {
      "silver_ingot": "2024-10-04 05:49:24 +0000"
    },
    "done": true
  },
  "majruszsdifficulty:progressive_difficulty/creeperling": {
    "criteria": {
      "encountered_creeperling": "2024-09-26 19:05:10 +0000"
    },
    "done": true
  },
  "enigmaticlegacy:recipes/generic/berserk_charm": {
    "criteria": {
      "has_parent_recipe": "2024-10-01 06:39:13 +0000"
    },
    "done": false
  },
  "comforts:sleeping_bag_yellow_from_white": {
    "criteria": {
      "has_the_recipe": "2024-09-25 03:37:33 +0000"
    },
    "done": true
  },
  "enigmaticlegacy:recipes/generic/cursed_scroll": {
    "criteria": {
      "has_parent_recipe": "2024-10-01 06:39:13 +0000"
    },
    "done": false
  },
  "endrem:main/lost_eye": {
    "criteria": {
      "lost_eye": "2024-10-04 01:35:30 +0000"
    },
    "done": true
  },
  "majruszsdifficulty:recipes/misc/tattered_armor_to_cloth": {
    "criteria": {
      "has_tattered_armor": "2024-10-01 04:58:26 +0000"
    },
    "done": true
  },
  "dungeons_arise:wda_root": {
    "criteria": {
      "WDA": "2024-09-25 03:37:40 +0000"
    },
    "done": true
  },
  "tetra:recipes/planks": {
    "criteria": {
      "got_wood": "2024-09-25 04:11:01 +0000"
    },
    "done": true
  },
  "meetyourfight:main/swampjaw_kill": {
    "criteria": {
      "get_item": "2024-09-30 02:49:54 +0000"
    },
    "done": true
  },
  "comforts:hammock_green_from_white": {
    "criteria": {
      "has_the_recipe": "2024-09-25 03:37:33 +0000"
    },
    "done": true
  },
  "comforts:hammock_orange": {
    "criteria": {
      "has_the_recipe": "2024-09-25 03:37:33 +0000"
    },
    "done": true
  },
  "lootr:50loot": {
    "criteria": {
      "loot_stat": "2024-09-30 06:47:15 +0000"
    },
    "done": true
  },
  "totw_modded:regular_tower": {
    "criteria": {
      "regular": "2024-09-30 06:49:05 +0000"
    },
    "done": true
  },
  "farmersdelight:main/place_campfire": {
    "criteria": {
      "campfire": "2024-09-25 04:48:41 +0000"
    },
    "done": true
  },
  "endrem:main/root": {
    "criteria": {
      "lost_eye": "2024-10-04 01:35:30 +0000"
    },
    "done": true
  },
  "comforts:hammock_pink": {
    "criteria": {
      "has_the_recipe": "2024-09-25 03:37:33 +0000"
    },
    "done": true
  },
  "comforts:sleeping_bag_magenta": {
    "criteria": {
      "has_the_recipe": "2024-09-25 03:37:33 +0000"
    },
    "done": true
  },
  "minecraft:nether/explore_nether": {
    "criteria": {
      "minecraft:soul_sand_valley": "2024-10-04 05:42:49 +0000"
    },
    "done": false
  },
  "dungeons_arise:find_mushroom_mines": {
    "criteria": {
      "location0": "2024-09-30 06:28:44 +0000"
    },
    "done": true
  },
  "comforts:sleeping_bag_cyan_from_white": {
    "criteria": {
      "has_the_recipe": "2024-09-25 03:37:33 +0000"
    },
    "done": true
  },
  "lootr:100loot": {
    "criteria": {
      "loot_stat": "2024-09-30 20:17:57 +0000"
    },
    "done": true
  },
  "netherdepthsupgrade:main/root": {
    "criteria": {
      "entered_nether": "2024-10-04 05:42:47 +0000"
    },
    "done": true
  },
  "comforts:hammock_brown": {
    "criteria": {
      "has_the_recipe": "2024-09-25 03:37:33 +0000"
    },
    "done": true
  },
  "enigmaticlegacy:recipes/generic/animal_guidebook": {
    "criteria": {
      "has_items": "2024-10-02 02:59:48 +0000"
    },
    "done": true
  },
  "majruszsdifficulty:progressive_difficulty/undead_army": {
    "criteria": {
      "army_defeated": "2024-10-01 05:01:35 +0000"
    },
    "done": true
  },
  "comforts:hammock_green": {
    "criteria": {
      "has_the_recipe": "2024-09-25 03:37:33 +0000"
    },
    "done": true
  },
  "minecraft:story/smelt_iron": {
    "criteria": {
      "iron": "2024-09-25 04:14:05 +0000"
    },
    "done": true
  },
  "meetyourfight:main/root": {
    "criteria": {
      "killed_by_something": "2024-09-25 03:47:30 +0000"
    },
    "done": true
  },
  "DataVersion": 3120
}